{"type":"FeatureCollection","features":[{"type":"Feature","properties":{"adcode":341021,"name":"歙县","center":[118.428025,29.867748],"centroid":[118.569204,29.865419],"childrenNum":0,"level":"district","acroutes":[100000,340000,341000],"parent":{"adcode":341000},"cityId":"sheXian"},"geometry":{"type":"MultiPolygon","coordinates":[[[[118.868863,30.101465],[118.864364,30.105527],[118.859457,30.107474],[118.855808,30.108489],[118.850058,30.110466],[118.845285,30.109445],[118.839992,30.109124],[118.835485,30.108326],[118.830154,30.106404],[118.824797,30.104016],[118.821053,30.102734],[118.816458,30.098956],[118.811031,30.094276],[118.806461,30.09187],[118.796916,30.081791],[118.789941,30.078296],[118.784673,30.078429],[118.776695,30.07679],[118.767987,30.076772],[118.760885,30.07809],[118.754646,30.080606],[118.751618,30.087281],[118.746148,30.090915],[118.743114,30.092735],[118.740086,30.086664],[118.736437,30.0806],[118.734622,30.075139],[118.730369,30.070283],[118.724295,30.067846],[118.718831,30.066631],[118.714407,30.063093],[118.708803,30.061375],[118.703713,30.059421],[118.70052,30.059034],[118.69781,30.056797],[118.695817,30.052248],[118.694903,30.048141],[118.694713,30.041953],[118.694802,30.036672],[118.692568,30.032825],[118.688747,30.029007],[118.685262,30.027706],[118.680198,30.026436],[118.675127,30.024935],[118.669002,30.023689],[118.663442,30.023574],[118.658434,30.024367],[118.651021,30.024524],[118.64437,30.023054],[118.637668,30.019986],[118.634735,30.019133],[118.628046,30.016525],[118.624777,30.013615],[118.620766,30.011636],[118.617751,30.00803],[118.614476,30.001791],[118.615016,29.999709],[118.618576,29.997397],[118.616418,29.993421],[118.614984,29.988712],[118.615047,29.986891],[118.614616,29.982781],[118.614,29.980463],[118.612972,29.979185],[118.608345,29.974549],[118.605826,29.971679],[118.60276,29.969863],[118.59741,29.968574],[118.592002,29.969034],[118.583472,29.968296],[118.578534,29.966231],[118.574936,29.963761],[118.573006,29.96071],[118.569769,29.954365],[118.566799,29.949897],[118.56459,29.947578],[118.560871,29.945126],[118.55865,29.944393],[118.554099,29.944308],[118.550932,29.944556],[118.548666,29.945216],[118.544045,29.949437],[118.538727,29.95313],[118.531612,29.960407],[118.527436,29.965027],[118.524719,29.967387],[118.520778,29.975221],[118.521045,29.979161],[118.521939,29.983665],[118.524707,29.990443],[118.524516,29.992507],[118.521787,29.997524],[118.520404,29.998825],[118.513962,29.999485],[118.510858,29.99908],[118.509297,29.998311],[118.5079,29.994147],[118.506878,29.991944],[118.505768,29.991381],[118.504803,29.993808],[118.504048,29.994238],[118.502943,29.998117],[118.499916,30.002372],[118.498704,30.006015],[118.498704,30.013294],[118.498107,30.018147],[118.500525,30.021783],[118.508383,30.024185],[118.513498,30.030671],[118.514691,30.035456],[118.514,30.038916],[118.510192,30.044058],[118.509595,30.048438],[118.505977,30.054516],[118.503553,30.056948],[118.500525,30.064236],[118.498361,30.067961],[118.494489,30.07214],[118.477689,30.076506],[118.473329,30.080279],[118.468912,30.08245],[118.4653,30.085286],[118.462755,30.088333],[118.457875,30.092801],[118.455825,30.095141],[118.452823,30.100721],[118.449973,30.10262],[118.447612,30.102904],[118.441544,30.102813],[118.436479,30.10109],[118.431193,30.100751],[118.423405,30.098968],[118.417756,30.097312],[118.410451,30.097977],[118.404466,30.099639],[118.40048,30.103291],[118.394825,30.106283],[118.391436,30.105485],[118.389792,30.103454],[118.387577,30.099597],[118.384594,30.097136],[118.380615,30.096755],[118.375893,30.097765],[118.37065,30.0997],[118.364951,30.104397],[118.360305,30.10861],[118.355081,30.111899],[118.351299,30.108985],[118.346481,30.107244],[118.339271,30.10508],[118.332557,30.101537],[118.326375,30.097983],[118.3186,30.094222],[118.314532,30.090625],[118.312888,30.088793],[118.309594,30.084101],[118.308166,30.083399],[118.306217,30.080799],[118.305106,30.07994],[118.304459,30.076984],[118.303552,30.07621],[118.299585,30.071553],[118.298626,30.071075],[118.298607,30.069243],[118.299153,30.067175],[118.300759,30.065723],[118.301654,30.063449],[118.300207,30.059996],[118.297719,30.057528],[118.297928,30.056452],[118.29935,30.055774],[118.299413,30.05292],[118.298271,30.050494],[118.29843,30.047155],[118.298918,30.046272],[118.300505,30.046066],[118.302327,30.045074],[118.303482,30.042449],[118.302555,30.037604],[118.302561,30.035311],[118.301965,30.033605],[118.302415,30.031717],[118.304897,30.031131],[118.306636,30.030066],[118.308432,30.028233],[118.309632,30.025401],[118.307518,30.02165],[118.306458,30.02119],[118.304516,30.016943],[118.303272,30.014867],[118.300873,30.014734],[118.297109,30.013088],[118.296202,30.011376],[118.295205,30.012344],[118.295764,30.014498],[118.292324,30.014353],[118.292984,30.011279],[118.29438,30.010129],[118.298081,30.009409],[118.299356,30.009791],[118.300296,30.011164],[118.301635,30.011261],[118.302485,30.010317],[118.302765,30.007751],[118.304459,30.00803],[118.306135,30.007788],[118.307569,30.009772],[118.308051,30.009839],[118.308851,30.008205],[118.309994,30.007558],[118.310082,30.004659],[118.311587,30.003419],[118.311263,30.002711],[118.309905,30.003249],[118.308045,30.002269],[118.304967,30.003177],[118.302669,30.002644],[118.302625,30.004108],[118.301324,30.004229],[118.301603,30.001294],[118.301368,29.998317],[118.299153,29.99908],[118.296437,30.001567],[118.295669,30.001652],[118.294641,30.000423],[118.291797,30.002051],[118.290096,30.001204],[118.287627,30.002087],[118.284803,30.002136],[118.282258,30.001052],[118.280855,30.001149],[118.279427,30.003304],[118.278082,30.00645],[118.277929,30.008024],[118.272452,30.0099],[118.271633,30.010789],[118.269698,30.009089],[118.269082,30.007673],[118.269196,30.006251],[118.268422,30.005718],[118.267901,30.003963],[118.269602,30.000665],[118.267984,29.997585],[118.268809,29.996756],[118.271018,29.996701],[118.271506,29.996163],[118.273645,29.996265],[118.274686,29.995485],[118.276419,29.995648],[118.279085,29.996713],[118.280925,29.996907],[118.281147,29.996169],[118.281103,29.992307],[118.2805,29.990286],[118.281579,29.989657],[118.282207,29.987326],[118.281604,29.985523],[118.28175,29.983628],[118.284162,29.980136],[118.285133,29.978029],[118.28764,29.977152],[118.289531,29.977049],[118.290369,29.975124],[118.289036,29.972957],[118.289189,29.971419],[118.28844,29.966812],[118.288643,29.965941],[118.295263,29.96229],[118.299737,29.960177],[118.303482,29.957453],[118.304319,29.956405],[118.304396,29.954892],[118.301248,29.947917],[118.30088,29.94627],[118.301565,29.944593],[118.304339,29.94185],[118.308432,29.938562],[118.310539,29.936618],[118.314989,29.934432],[118.322751,29.931022],[118.329466,29.929091],[118.331573,29.927988],[118.33349,29.926274],[118.336542,29.923034],[118.339449,29.918801],[118.342496,29.914864],[118.346773,29.909691],[118.348811,29.906457],[118.350169,29.903052],[118.349775,29.901459],[118.348944,29.900314],[118.343683,29.896546],[118.342597,29.895044],[118.34294,29.894347],[118.342686,29.89176],[118.343295,29.89073],[118.342921,29.888973],[118.344095,29.88595],[118.344933,29.885447],[118.344742,29.884339],[118.347662,29.882448],[118.348728,29.8824],[118.349122,29.881333],[118.351426,29.88074],[118.352327,29.881224],[118.353926,29.881067],[118.354091,29.879376],[118.353495,29.878286],[118.353831,29.876407],[118.353584,29.874917],[118.352638,29.873638],[118.353742,29.872517],[118.35477,29.870245],[118.356586,29.869899],[118.357163,29.869039],[118.355653,29.867233],[118.350613,29.866064],[118.34956,29.865639],[118.34492,29.862816],[118.341525,29.860028],[118.339386,29.860137],[118.332068,29.862452],[118.329002,29.863258],[118.326654,29.862809],[118.326895,29.860622],[118.327815,29.858101],[118.327911,29.85481],[118.327511,29.853277],[118.328126,29.85204],[118.329421,29.851161],[118.329942,29.850167],[118.33573,29.845282],[118.336054,29.843834],[118.335584,29.842003],[118.33354,29.838966],[118.335216,29.840239],[118.340731,29.843888],[118.342597,29.843961],[118.342318,29.843421],[118.343657,29.84207],[118.346767,29.845664],[118.350074,29.844694],[118.351832,29.843282],[118.348912,29.836839],[118.347967,29.832856],[118.348443,29.830698],[118.352206,29.83105],[118.357538,29.835032],[118.359067,29.836863],[118.366169,29.841858],[118.369578,29.843561],[118.372618,29.84347],[118.375309,29.840773],[118.378108,29.839239],[118.380126,29.837015],[118.379764,29.835414],[118.377143,29.834796],[118.377391,29.829092],[118.379187,29.825297],[118.378622,29.823799],[118.376997,29.823605],[118.373475,29.822466],[118.372135,29.82246],[118.369774,29.820289],[118.368308,29.820065],[118.366442,29.82052],[118.363459,29.819434],[118.359918,29.818889],[118.359492,29.817973],[118.360876,29.812698],[118.362558,29.811837],[118.367388,29.810467],[118.371647,29.809552],[118.372853,29.807623],[118.374877,29.807587],[118.377086,29.808697],[118.379732,29.810843],[118.383007,29.812219],[118.384531,29.813517],[118.385794,29.815342],[118.385743,29.818125],[118.384461,29.821574],[118.385032,29.823605],[118.392052,29.831911],[118.397307,29.832268],[118.401483,29.83222],[118.405386,29.831565],[118.416785,29.8264],[118.418435,29.82506],[118.417318,29.822284],[118.41695,29.820447],[118.415167,29.816348],[118.413022,29.813183],[118.409112,29.809758],[118.407125,29.805901],[118.407125,29.801724],[118.407716,29.79988],[118.407817,29.797327],[118.406713,29.794034],[118.40538,29.792888],[118.403939,29.790511],[118.401362,29.782918],[118.40201,29.781202],[118.401616,29.780189],[118.399858,29.779546],[118.399001,29.780777],[118.39777,29.78071],[118.398183,29.778952],[118.395479,29.777544],[118.394463,29.777769],[118.392318,29.779152],[118.390605,29.778842],[118.387907,29.777714],[118.384175,29.775428],[118.383198,29.775106],[118.38481,29.774178],[118.385686,29.772128],[118.387818,29.771418],[118.388662,29.771528],[118.39063,29.768349],[118.39334,29.7681],[118.395079,29.768507],[118.395619,29.766445],[118.396729,29.765838],[118.395606,29.762714],[118.395942,29.759007],[118.397262,29.756259],[118.400207,29.75356],[118.403159,29.752577],[118.406002,29.751345],[118.407125,29.750132],[118.406814,29.748858],[118.405215,29.747651],[118.403514,29.744344],[118.401324,29.737943],[118.398176,29.729284],[118.398126,29.727251],[118.397034,29.72463],[118.394343,29.723835],[118.392255,29.723968],[118.390402,29.725261],[118.38844,29.727288],[118.382436,29.734539],[118.376743,29.735225],[118.372592,29.731924],[118.371913,29.723137],[118.369305,29.715854],[118.368238,29.711424],[118.36304,29.71092],[118.361136,29.711126],[118.358991,29.711909],[118.355894,29.711739],[118.352428,29.7099],[118.349953,29.708104],[118.348132,29.703667],[118.348531,29.701251],[118.351654,29.699819],[118.352219,29.698999],[118.350474,29.697664],[118.346634,29.696183],[118.348284,29.693973],[118.351254,29.691855],[118.352733,29.690392],[118.355716,29.688795],[118.359575,29.688212],[118.360813,29.687618],[118.362342,29.685377],[118.365668,29.68179],[118.371069,29.679804],[118.373354,29.67924],[118.373849,29.677922],[118.37357,29.674765],[118.373919,29.672865],[118.375448,29.668712],[118.379295,29.662045],[118.3809,29.658061],[118.381909,29.656318],[118.383077,29.655893],[118.388967,29.657624],[118.393207,29.659209],[118.397085,29.659531],[118.400772,29.654527],[118.402841,29.651976],[118.403063,29.649948],[118.402708,29.646511],[118.401267,29.641956],[118.396539,29.632876],[118.395098,29.628083],[118.394406,29.622361],[118.395314,29.61707],[118.401445,29.610521],[118.405012,29.606317],[118.408509,29.599591],[118.409213,29.596364],[118.40962,29.592451],[118.410584,29.588994],[118.4157,29.584065],[118.419857,29.582595],[118.422485,29.58254],[118.426908,29.58107],[118.430044,29.58031],[118.433185,29.580243],[118.436778,29.577405],[118.436943,29.573728],[118.436721,29.566167],[118.435838,29.562745],[118.435477,29.558849],[118.434563,29.554284],[118.435248,29.550594],[118.438282,29.546625],[118.440567,29.544047],[118.441538,29.541275],[118.44058,29.534873],[118.44018,29.530064],[118.440205,29.527036],[118.437711,29.522877],[118.437673,29.521496],[118.438415,29.519988],[118.441341,29.516316],[118.442319,29.513707],[118.443207,29.512941],[118.446228,29.513451],[118.447434,29.512223],[118.44897,29.513397],[118.450455,29.512728],[118.453273,29.510204],[118.458268,29.506361],[118.459817,29.505576],[118.464202,29.505886],[118.470384,29.507467],[118.479029,29.51094],[118.481961,29.512989],[118.485001,29.514358],[118.489437,29.516839],[118.493512,29.517775],[118.495162,29.518359],[118.495905,29.519551],[118.495905,29.52191],[118.495156,29.52571],[118.495181,29.529383],[118.494908,29.531395],[118.495873,29.533323],[118.497561,29.540333],[118.497853,29.544005],[118.494946,29.550607],[118.494902,29.553713],[118.495937,29.555755],[118.497282,29.559731],[118.498374,29.561366],[118.498672,29.567669],[118.499675,29.573613],[118.500582,29.575661],[118.501776,29.576378],[118.505736,29.577253],[118.508637,29.578778],[118.512737,29.581361],[118.515466,29.583318],[118.52154,29.585955],[118.532171,29.588951],[118.535236,29.590616],[118.536601,29.592968],[118.53952,29.596984],[118.540885,29.599336],[118.542027,29.603814],[118.543208,29.605363],[118.545283,29.607368],[118.548539,29.61122],[118.549897,29.613394],[118.552004,29.612483],[118.553451,29.612374],[118.555076,29.613407],[118.559748,29.62069],[118.561645,29.622021],[118.564121,29.624487],[118.567116,29.626613],[118.56751,29.6273],[118.568062,29.633434],[118.5693,29.6355],[118.570931,29.636824],[118.573876,29.638378],[118.575907,29.638907],[118.584018,29.640528],[118.590898,29.642375],[118.59555,29.644051],[118.598374,29.644118],[118.600799,29.643559],[118.602049,29.643675],[118.614229,29.650422],[118.618608,29.653652],[118.619998,29.654114],[118.624339,29.652298],[118.633491,29.648782],[118.636925,29.644835],[118.640943,29.641925],[118.642916,29.641652],[118.64456,29.642114],[118.647315,29.643389],[118.649028,29.644664],[118.65099,29.646675],[118.653414,29.648691],[118.656867,29.654442],[118.659634,29.656464],[118.666704,29.663314],[118.670055,29.665797],[118.672283,29.667012],[118.673914,29.669088],[118.674371,29.671438],[118.674162,29.674018],[118.675076,29.675627],[118.681505,29.67978],[118.682362,29.681049],[118.682609,29.684254],[118.682337,29.68644],[118.68292,29.688328],[118.685478,29.690519],[118.69034,29.692723],[118.691647,29.693931],[118.692885,29.699151],[118.696953,29.70255],[118.699175,29.705027],[118.700818,29.706471],[118.704633,29.706884],[118.718704,29.709178],[118.719745,29.71004],[118.724073,29.715957],[118.72453,29.718136],[118.724644,29.722609],[118.726936,29.725825],[118.731264,29.728877],[118.733619,29.730091],[118.737414,29.735024],[118.739718,29.736814],[118.742212,29.737512],[118.744713,29.738774],[118.745557,29.740321],[118.746516,29.746292],[118.74868,29.750423],[118.749245,29.758625],[118.749042,29.761137],[118.748178,29.763151],[118.745538,29.767379],[118.745532,29.768707],[118.74736,29.772431],[118.746624,29.775349],[118.744307,29.779643],[118.741667,29.782215],[118.738366,29.784792],[118.737046,29.786557],[118.736526,29.788455],[118.737605,29.798255],[118.737592,29.801184],[118.73862,29.807945],[118.739921,29.813287],[118.740835,29.814893],[118.742276,29.816324],[118.746021,29.818173],[118.751092,29.81784],[118.754976,29.816985],[118.7578,29.816761],[118.759444,29.817161],[118.761735,29.81878],[118.765918,29.82309],[118.765664,29.824527],[118.762072,29.827206],[118.76013,29.828916],[118.756321,29.82954],[118.753846,29.82954],[118.751555,29.83025],[118.750965,29.831607],[118.751841,29.833723],[118.753262,29.835826],[118.754709,29.839227],[118.75417,29.8437],[118.755611,29.845422],[118.759349,29.846749],[118.76324,29.847798],[118.765347,29.848967],[118.766946,29.848943],[118.770069,29.846822],[118.774169,29.845325],[118.775343,29.844185],[118.778751,29.841906],[118.781975,29.842591],[118.784013,29.843506],[118.786634,29.845228],[118.787611,29.846664],[118.788912,29.851016],[118.78989,29.852283],[118.793958,29.855489],[118.796846,29.85721],[118.798084,29.858816],[118.802609,29.860658],[118.805884,29.864955],[118.806531,29.866561],[118.807712,29.867651],[118.812961,29.870851],[118.814535,29.872578],[118.816496,29.873953],[118.81906,29.874814],[118.823376,29.878813],[118.830135,29.882485],[118.834387,29.886089],[118.841337,29.891306],[118.843958,29.895141],[118.844599,29.897491],[118.845526,29.899097],[118.844853,29.905287],[118.845044,29.909358],[118.844898,29.915264],[118.843114,29.920587],[118.843038,29.923398],[118.841908,29.928158],[118.840144,29.92986],[118.84015,29.930653],[118.838722,29.934492],[118.838513,29.936442],[118.838976,29.938271],[118.841172,29.939918],[118.846523,29.941365],[118.848287,29.941268],[118.857921,29.938005],[118.863907,29.936975],[118.86496,29.937314],[118.867245,29.939488],[118.868952,29.943902],[118.871961,29.946894],[118.87297,29.946984],[118.876245,29.945731],[118.880326,29.942982],[118.883683,29.939428],[118.88468,29.938919],[118.887625,29.939228],[118.890627,29.938695],[118.891331,29.938138],[118.893565,29.937593],[118.894676,29.938059],[118.894873,29.939204],[118.894206,29.940863],[118.894003,29.943103],[118.89281,29.946191],[118.892359,29.948195],[118.892531,29.951877],[118.892867,29.953372],[118.893,29.957084],[118.891541,29.959893],[118.891864,29.962932],[118.893178,29.969294],[118.894086,29.971643],[118.896453,29.975765],[118.898097,29.977491],[118.899474,29.981443],[118.899004,29.983344],[118.897221,29.987115],[118.893203,29.990958],[118.891883,29.993131],[118.892074,29.994795],[118.893971,29.997409],[118.894663,29.998971],[118.895089,30.001198],[118.894968,30.003146],[118.894016,30.006711],[118.889859,30.010595],[118.890335,30.012023],[118.891725,30.013161],[118.895095,30.014904],[118.898027,30.017227],[118.898833,30.018764],[118.899392,30.021971],[118.900128,30.022969],[118.902578,30.029062],[118.901511,30.031318],[118.895603,30.032449],[118.893883,30.035214],[118.892277,30.039013],[118.890589,30.04127],[118.891331,30.043042],[118.894467,30.046623],[118.896332,30.048093],[118.897335,30.049629],[118.897354,30.051867],[118.893902,30.05494],[118.892537,30.056615],[118.890925,30.059204],[118.888938,30.061103],[118.88812,30.062373],[118.885061,30.064036],[118.881049,30.064224],[118.878822,30.064653],[118.875458,30.072043],[118.87509,30.074625],[118.875064,30.07904],[118.873725,30.081742],[118.872995,30.087027],[118.872856,30.092656],[118.872614,30.095407],[118.868863,30.101465]]]]}},{"type":"Feature","properties":{"adcode":341022,"name":"休宁县","center":[118.188531,29.788878],"centroid":[118.083486,29.661006],"childrenNum":0,"level":"district","acroutes":[100000,340000,341000],"parent":{"adcode":341000},"cityId":"xiuNing"},"geometry":{"type":"MultiPolygon","coordinates":[[[[118.256661,29.764027],[118.256317,29.765514],[118.255467,29.76451],[118.252975,29.764637],[118.252157,29.766163],[118.25154,29.76505],[118.248086,29.762609],[118.248687,29.765012],[118.247565,29.765571],[118.247974,29.766671],[118.247245,29.767529],[118.245033,29.767879],[118.24347,29.770879],[118.241819,29.770269],[118.237892,29.770472],[118.236899,29.771082],[118.23637,29.77332],[118.234302,29.774419],[118.233421,29.77419],[118.233813,29.775811],[118.233164,29.776618],[118.234639,29.77787],[118.233461,29.778156],[118.234719,29.780997],[118.234382,29.782504],[118.237227,29.782021],[118.237916,29.782821],[118.241178,29.783902],[118.241338,29.785363],[118.242516,29.785205],[118.241787,29.786425],[118.242917,29.788128],[118.240954,29.788528],[118.240569,29.789647],[118.23855,29.790244],[118.237428,29.792214],[118.237989,29.793186],[118.236915,29.793485],[118.237091,29.794451],[118.234983,29.795531],[118.233244,29.798524],[118.232836,29.801168],[118.233437,29.801797],[118.2352,29.801797],[118.236314,29.799522],[118.236354,29.801015],[118.237516,29.802464],[118.237259,29.80411],[118.238157,29.802693],[118.239535,29.801981],[118.239399,29.800678],[118.242917,29.8047],[118.240858,29.805927],[118.241851,29.806899],[118.240433,29.81066],[118.241122,29.812668],[118.239615,29.815502],[118.239872,29.815686],[118.238501,29.817998],[118.237604,29.818627],[118.239143,29.81986],[118.23794,29.821607],[118.23996,29.821645],[118.23996,29.822617],[118.232234,29.824104],[118.225254,29.828074],[118.223467,29.84081],[118.223066,29.845637],[118.222161,29.851391],[118.222465,29.863083],[118.221023,29.868385],[118.217008,29.875808],[118.21583,29.881338],[118.213329,29.886208],[118.211614,29.891058],[118.208,29.89389],[118.203023,29.894683],[118.195939,29.895515],[118.190097,29.893344],[118.184535,29.892093],[118.179526,29.891503],[118.175864,29.892271],[118.171753,29.8958],[118.168435,29.899996],[118.165141,29.905113],[118.163691,29.910184],[118.163009,29.914329],[118.161326,29.92079],[118.159627,29.926324],[118.158682,29.930246],[118.155885,29.934428],[118.152535,29.937023],[118.147638,29.941256],[118.144529,29.943381],[118.140915,29.946433],[118.133702,29.952772],[118.130416,29.958342],[118.12927,29.965244],[118.127291,29.970332],[118.123332,29.969951],[118.119621,29.969108],[118.114645,29.970345],[118.112321,29.972457],[118.109291,29.978013],[118.107063,29.983563],[118.105621,29.989779],[118.106318,29.996191],[118.106767,30.00375],[118.108241,30.010148],[118.108666,30.016558],[118.10724,30.02255],[118.104755,30.029017],[118.102511,30.023552],[118.098152,30.018131],[118.093816,30.013623],[118.08896,30.009349],[118.084953,30.00713],[118.0825,30.004194],[118.077924,30.001061],[118.073869,29.997459],[118.069029,29.99387],[118.063123,29.990071],[118.055277,29.982859],[118.052833,29.980145],[118.048184,29.974258],[118.046501,29.970154],[118.047487,29.967154],[118.050284,29.962294],[118.05595,29.95647],[118.057986,29.953],[118.059196,29.948394],[118.058835,29.944961],[118.058418,29.938546],[118.057785,29.934193],[118.057689,29.930075],[118.057296,29.924801],[118.057745,29.921812],[118.057641,29.917686],[118.059324,29.910318],[118.063299,29.900396],[118.063491,29.897178],[118.061824,29.893997],[118.058859,29.891522],[118.055589,29.887217],[118.048289,29.880456],[118.04368,29.875478],[118.041485,29.872532],[118.038744,29.868214],[118.03658,29.866188],[118.032846,29.866652],[118.025994,29.868341],[118.016689,29.871243],[118.004941,29.874379],[118.003715,29.874379],[118.003226,29.872913],[118.005678,29.867795],[118.005085,29.853817],[118.002833,29.85075],[118.003113,29.848552],[118.004107,29.845904],[118.005502,29.843128],[118.006407,29.842309],[118.007048,29.838282],[118.00894,29.834706],[118.012033,29.831161],[118.011103,29.827674],[118.009549,29.825806],[118.010006,29.8227],[118.010951,29.820972],[118.012899,29.819167],[118.014974,29.817763],[118.013612,29.815483],[118.011793,29.814193],[118.009669,29.813246],[118.007056,29.811556],[118.004997,29.810959],[117.999171,29.810832],[117.998754,29.809872],[117.99554,29.80763],[117.990756,29.806785],[117.985996,29.806848],[117.981267,29.808068],[117.97734,29.809269],[117.97391,29.809555],[117.969943,29.809612],[117.967804,29.8085],[117.962082,29.800558],[117.960407,29.797139],[117.959044,29.79487],[117.9566,29.791699],[117.956151,29.784137],[117.95555,29.781163],[117.952216,29.773644],[117.949179,29.768184],[117.945396,29.764116],[117.940292,29.760067],[117.937398,29.760346],[117.934041,29.763378],[117.933335,29.76683],[117.930779,29.770542],[117.925145,29.777286],[117.921507,29.779866],[117.918646,29.78129],[117.91225,29.778417],[117.908508,29.776186],[117.905062,29.77487],[117.902097,29.77194],[117.902193,29.764141],[117.901039,29.760028],[117.898282,29.754116],[117.895269,29.74912],[117.892576,29.74596],[117.88465,29.732799],[117.882719,29.728932],[117.881589,29.725511],[117.879665,29.721645],[117.87775,29.718472],[117.871066,29.713543],[117.861313,29.711661],[117.854966,29.709714],[117.84813,29.709835],[117.836318,29.7096],[117.83187,29.710369],[117.827678,29.710675],[117.82299,29.712595],[117.819136,29.716106],[117.816058,29.719839],[117.813518,29.723775],[117.810176,29.72705],[117.807884,29.730306],[117.805303,29.732646],[117.803228,29.7336],[117.800094,29.734344],[117.794036,29.733988],[117.790606,29.733364],[117.778697,29.729441],[117.769184,29.727305],[117.760465,29.725613],[117.755184,29.724786],[117.749085,29.722815],[117.745302,29.718287],[117.742257,29.710764],[117.741391,29.707565],[117.739212,29.704156],[117.735445,29.700085],[117.731678,29.696472],[117.725291,29.693126],[117.718872,29.689087],[117.713799,29.685493],[117.707628,29.68053],[117.697483,29.674022],[117.69455,29.672228],[117.687858,29.667501],[117.675773,29.656423],[117.669882,29.652146],[117.661043,29.645159],[117.656467,29.640627],[117.654023,29.636764],[117.651041,29.632672],[117.648293,29.627204],[117.646113,29.623334],[117.646041,29.619896],[117.646257,29.617598],[117.647964,29.614899],[117.656675,29.613378],[117.66142,29.611818],[117.665683,29.608196],[117.667029,29.605458],[117.667093,29.599722],[117.668961,29.59699],[117.671597,29.597022],[117.6753,29.596366],[117.678994,29.595488],[117.681126,29.593444],[117.681935,29.590241],[117.68224,29.587261],[117.682368,29.575798],[117.682977,29.568009],[117.684853,29.56413],[117.69047,29.555933],[117.696569,29.552321],[117.701057,29.550761],[117.70766,29.54899],[117.717397,29.549308],[117.72449,29.55006],[117.730012,29.55034],[117.736054,29.551538],[117.7418,29.554793],[117.74729,29.558736],[117.753052,29.560385],[117.757788,29.559506],[117.76359,29.558169],[117.767269,29.557054],[117.770947,29.557079],[117.777479,29.560334],[117.782968,29.563583],[117.787664,29.565907],[117.790782,29.568219],[117.794973,29.570308],[117.79995,29.571251],[117.804398,29.572881],[117.807275,29.573582],[117.811987,29.574072],[117.816443,29.573868],[117.820129,29.572964],[117.822766,29.571837],[117.825675,29.569098],[117.829906,29.563844],[117.835709,29.560666],[117.845694,29.558194],[117.852009,29.555009],[117.855679,29.555035],[117.859887,29.554825],[117.863565,29.554156],[117.867773,29.552347],[117.870682,29.550296],[117.872533,29.547786],[117.876484,29.5462],[117.88017,29.54576],[117.884883,29.546244],[117.889867,29.545817],[117.895373,29.547454],[117.906352,29.552111],[117.912924,29.553067],[117.920793,29.5545],[117.926067,29.552933],[117.930026,29.551353],[117.933456,29.549085],[117.938729,29.549582],[117.944483,29.553984],[117.949964,29.559532],[117.954925,29.565073],[117.960166,29.568098],[117.964895,29.569977],[117.968846,29.570238],[117.974135,29.568219],[117.977845,29.564583],[117.981043,29.560939],[117.984713,29.561659],[117.987334,29.564659],[117.990211,29.568359],[117.994659,29.573206],[117.998578,29.576218],[118.003851,29.578103],[118.008323,29.578365],[118.014133,29.577269],[118.020231,29.574346],[118.02867,29.572353],[118.034216,29.570792],[118.042951,29.566277],[118.045884,29.56057],[118.047768,29.555538],[118.047792,29.551869],[118.047287,29.548193],[118.048096,29.545677],[118.050741,29.543174],[118.056287,29.541154],[118.060774,29.539351],[118.06604,29.538701],[118.069478,29.537803],[118.07447,29.536924],[118.082653,29.533758],[118.08686,29.533783],[118.09158,29.534503],[118.095002,29.534063],[118.097631,29.533159],[118.103425,29.530661],[118.109516,29.521977],[118.11531,29.519249],[118.12112,29.514916],[118.126898,29.512877],[118.130841,29.511061],[118.134535,29.50878],[118.137429,29.506262],[118.142974,29.499864],[118.144305,29.495504],[118.143824,29.489775],[118.139392,29.484025],[118.135489,29.480111],[118.130528,29.475968],[118.127667,29.47206],[118.128477,29.468394],[118.130865,29.46404],[118.135609,29.458557],[118.13799,29.454891],[118.139063,29.450772],[118.139624,29.445039],[118.139384,29.441136],[118.138615,29.437693],[118.129479,29.43261],[118.129238,29.429173],[118.132155,29.422533],[118.136106,29.418879],[118.147654,29.415243],[118.157608,29.413667],[118.16365,29.412079],[118.169685,29.409572],[118.173091,29.407971],[118.176585,29.404718],[118.17931,29.403856],[118.182908,29.404188],[118.185873,29.404998],[118.188117,29.406102],[118.189408,29.405726],[118.191082,29.404539],[118.192669,29.402791],[118.193639,29.39927],[118.193062,29.396928],[118.193022,29.39527],[118.198391,29.393037],[118.201597,29.393266],[118.202855,29.393872],[118.204257,29.395397],[118.206245,29.399136],[118.206533,29.400565],[118.208216,29.402823],[118.211077,29.407422],[118.215237,29.41227],[118.215718,29.415944],[118.215677,29.417718],[118.218098,29.420365],[118.22386,29.423637],[118.226953,29.424555],[118.229822,29.423873],[118.232964,29.423924],[118.236057,29.424785],[118.239527,29.427534],[118.245137,29.430002],[118.247004,29.431111],[118.248511,29.431316],[118.251156,29.429944],[118.254425,29.426909],[118.255708,29.426194],[118.259322,29.426411],[118.267801,29.427859],[118.270085,29.42754],[118.272801,29.426054],[118.274981,29.423949],[118.277642,29.423382],[118.283684,29.426207],[118.286177,29.42673],[118.288132,29.426067],[118.289799,29.424491],[118.290889,29.420735],[118.291386,29.419982],[118.294776,29.419121],[118.29706,29.418968],[118.299384,29.419618],[118.301972,29.421347],[118.303423,29.4215],[118.306156,29.420932],[118.309113,29.420715],[118.312527,29.421226],[118.315172,29.42187],[118.316109,29.422597],[118.316077,29.424268],[118.315236,29.432483],[118.314931,29.441838],[118.315797,29.447972],[118.315997,29.450548],[118.315444,29.454623],[118.313481,29.45753],[118.313208,29.459711],[118.31199,29.466341],[118.309706,29.469414],[118.309033,29.471314],[118.308416,29.475636],[118.306605,29.479448],[118.3065,29.480659],[118.307222,29.482999],[118.307254,29.484663],[118.305988,29.48922],[118.306436,29.491617],[118.308352,29.494689],[118.310556,29.496021],[118.313889,29.495785],[118.315516,29.49525],[118.31748,29.495154],[118.320132,29.496027],[118.32442,29.496932],[118.328146,29.496295],[118.330014,29.495052],[118.332298,29.489105],[118.333588,29.487996],[118.336697,29.483636],[118.338685,29.481826],[118.343028,29.479977],[118.343934,29.478983],[118.344968,29.4757],[118.347612,29.473985],[118.351034,29.474782],[118.353615,29.475024],[118.358712,29.477064],[118.360475,29.479104],[118.362959,29.484159],[118.3657,29.486294],[118.371093,29.492158],[118.373498,29.49648],[118.375581,29.498729],[118.37712,29.499857],[118.379813,29.502553],[118.381448,29.504937],[118.382385,29.508652],[118.383018,29.510131],[118.383948,29.510405],[118.387963,29.508544],[118.393044,29.507301],[118.395929,29.50748],[118.402805,29.50746],[118.407477,29.508053],[118.412574,29.509685],[118.414986,29.509748],[118.420251,29.508034],[118.42308,29.506479],[118.425493,29.504752],[118.428137,29.503834],[118.430574,29.503732],[118.433971,29.504644],[118.436552,29.50574],[118.437562,29.506989],[118.438323,29.508799],[118.439862,29.510035],[118.441336,29.508563],[118.443107,29.508926],[118.444646,29.510443],[118.447435,29.512221],[118.446233,29.513451],[118.443212,29.512941],[118.442314,29.513706],[118.441336,29.516318],[118.438419,29.519989],[118.437674,29.521492],[118.437706,29.522875],[118.440206,29.527036],[118.440174,29.530062],[118.440575,29.534872],[118.441537,29.541275],[118.440567,29.544046],[118.438283,29.546626],[118.435246,29.550595],[118.434565,29.554283],[118.435478,29.55885],[118.435839,29.562742],[118.43672,29.566169],[118.436945,29.573728],[118.436776,29.577409],[118.433186,29.580243],[118.430045,29.580313],[118.426903,29.581065],[118.422479,29.582542],[118.419859,29.582599],[118.4157,29.584064],[118.410587,29.588993],[118.409617,29.59245],[118.409216,29.59636],[118.408511,29.599588],[118.405017,29.606318],[118.401443,29.610519],[118.39532,29.61707],[118.394406,29.622366],[118.395103,29.628082],[118.396538,29.632875],[118.398758,29.636955],[118.401266,29.641958],[118.402709,29.646514],[118.403061,29.649944],[118.402845,29.651974],[118.400769,29.654533],[118.397091,29.659528],[118.393212,29.659203],[118.388965,29.657625],[118.383082,29.655894],[118.381912,29.656321],[118.380903,29.658058],[118.379292,29.662048],[118.375453,29.668709],[118.373914,29.67287],[118.37357,29.674766],[118.37385,29.677922],[118.373353,29.679239],[118.371069,29.679805],[118.365668,29.68179],[118.362342,29.685378],[118.357822,29.685906],[118.355835,29.685505],[118.354817,29.683355],[118.353655,29.681758],[118.353334,29.679608],[118.354328,29.678915],[118.357349,29.677916],[118.357518,29.67525],[118.356788,29.673303],[118.354985,29.670828],[118.353214,29.667252],[118.351283,29.665337],[118.348294,29.663167],[118.343429,29.660635],[118.339743,29.660457],[118.336978,29.659795],[118.333347,29.659687],[118.329893,29.66005],[118.327401,29.661322],[118.323362,29.664116],[118.321126,29.665369],[118.320044,29.666508],[118.319988,29.668512],[118.322328,29.672546],[118.32563,29.676955],[118.327353,29.678654],[118.327842,29.680301],[118.327088,29.681459],[118.321855,29.684163],[118.321543,29.684799],[118.321767,29.687051],[118.319483,29.687814],[118.315829,29.68861],[118.312872,29.688692],[118.310876,29.688342],[118.30767,29.686619],[118.306589,29.685365],[118.304088,29.684755],[118.30166,29.686065],[118.298687,29.688807],[118.294375,29.693883],[118.293726,29.697025],[118.292933,29.6995],[118.291442,29.698635],[118.291362,29.697846],[118.29008,29.696218],[118.286097,29.692764],[118.283861,29.690397],[118.280767,29.68644],[118.279685,29.684195],[118.285047,29.678978],[118.28588,29.677833],[118.289182,29.674875],[118.293301,29.671872],[118.293438,29.670192],[118.288004,29.666126],[118.287002,29.665713],[118.282755,29.66199],[118.282522,29.661392],[118.2833,29.659076],[118.284221,29.657498],[118.282779,29.656715],[118.280295,29.656804],[118.275727,29.656238],[118.271784,29.656353],[118.270173,29.657803],[118.268314,29.660622],[118.263882,29.662334],[118.257342,29.665382],[118.253055,29.669066],[118.250018,29.669956],[118.249793,29.672431],[118.250218,29.67483],[118.25154,29.676045],[118.25263,29.678482],[118.253135,29.681828],[118.253375,29.685989],[118.253424,29.690404],[118.253696,29.693152],[118.253239,29.696885],[118.247878,29.701497],[118.245321,29.703329],[118.242252,29.703977],[118.238958,29.700944],[118.237259,29.700098],[118.235288,29.69997],[118.227402,29.698806],[118.221632,29.696873],[118.213866,29.693826],[118.209603,29.695333],[118.205924,29.696237],[118.204746,29.69714],[118.202583,29.6995],[118.199545,29.703583],[118.194689,29.708207],[118.194392,29.709543],[118.195105,29.711177],[118.196372,29.712882],[118.196748,29.716335],[118.193511,29.720736],[118.191908,29.722389],[118.192196,29.723572],[118.196853,29.726923],[118.200499,29.728443],[118.202607,29.726923],[118.204498,29.727902],[118.206806,29.729982],[118.206814,29.730541],[118.205187,29.732773],[118.20558,29.734096],[118.207183,29.736347],[118.209162,29.737701],[118.215557,29.739697],[118.21946,29.740034],[118.226408,29.739729],[118.226777,29.739952],[118.239319,29.741605],[118.247974,29.741026],[118.250947,29.740537],[118.253656,29.744154],[118.25465,29.746329],[118.254898,29.748128],[118.256813,29.754809],[118.25828,29.756926],[118.258536,29.759425],[118.256661,29.764027]]]]}},{"type":"Feature","properties":{"adcode":341824,"name":"绩溪县","center":[118.594705,30.065267],"centroid":[118.656759,30.154311],"childrenNum":0,"level":"district","acroutes":[100000,340000,341800],"parent":{"adcode":341800},"cityId":"jiXi"},"geometry":{"type":"MultiPolygon","coordinates":[[[[118.693348,30.314487],[118.693742,30.317602],[118.69535,30.323719],[118.696062,30.325908],[118.687197,30.329733],[118.682516,30.332228],[118.677696,30.334091],[118.672477,30.335327],[118.669381,30.337065],[118.66481,30.337037],[118.662958,30.337359],[118.656547,30.336116],[118.651964,30.333687],[118.645541,30.331989],[118.638528,30.328234],[118.636613,30.326442],[118.634721,30.325108],[118.632765,30.321938],[118.631075,30.31876],[118.62938,30.315127],[118.627945,30.311489],[118.627557,30.307369],[118.627453,30.304159],[118.627111,30.301413],[118.625711,30.299148],[118.621857,30.294188],[118.618553,30.29013],[118.615539,30.286982],[118.614156,30.284953],[118.613004,30.281994],[118.608363,30.277276],[118.604556,30.273696],[118.600714,30.269421],[118.599233,30.264181],[118.600141,30.259113],[118.600066,30.256361],[118.597879,30.254119],[118.594106,30.251677],[118.589754,30.24788],[118.583615,30.24618],[118.578616,30.24653],[118.573275,30.244818],[118.570526,30.241445],[118.568865,30.2385],[118.567459,30.235782],[118.566325,30.233285],[118.562761,30.228781],[118.558959,30.225199],[118.555979,30.222749],[118.552224,30.220545],[118.549018,30.219481],[118.538875,30.215137],[118.531966,30.213472],[118.527203,30.212902],[118.520873,30.213059],[118.516892,30.212007],[118.507628,30.21086],[118.495731,30.209548],[118.488602,30.209037],[118.480426,30.209234],[118.474917,30.210286],[118.4632,30.215385],[118.457952,30.216877],[118.451876,30.216563],[118.448173,30.215962],[118.444394,30.213295],[118.439817,30.210188],[118.437358,30.207034],[118.435396,30.203177],[118.43476,30.19906],[118.435379,30.193085],[118.435286,30.189875],[118.435477,30.187118],[118.434609,30.184615],[118.433718,30.180965],[118.432335,30.17893],[118.429373,30.176706],[118.421573,30.171598],[118.420444,30.169331],[118.415752,30.162092],[118.412158,30.156665],[118.408067,30.152161],[118.402894,30.146537],[118.399885,30.143161],[118.395788,30.138425],[118.394058,30.132957],[118.391998,30.125885],[118.389557,30.123412],[118.384511,30.122826],[118.37737,30.122964],[118.368662,30.123821],[118.362152,30.127383],[118.351239,30.126192],[118.356944,30.121958],[118.357401,30.119426],[118.356811,30.117142],[118.355081,30.111901],[118.360306,30.10861],[118.364947,30.104399],[118.370652,30.0997],[118.375889,30.097765],[118.380617,30.096755],[118.384598,30.097136],[118.387578,30.099602],[118.389788,30.103455],[118.391431,30.105484],[118.394828,30.106282],[118.400481,30.10329],[118.404462,30.099637],[118.410451,30.097978],[118.417754,30.097309],[118.423401,30.098968],[118.431195,30.10075],[118.436484,30.101092],[118.439152,30.101949],[118.441542,30.10281],[118.447617,30.102901],[118.449972,30.102618],[118.452819,30.100722],[118.454584,30.097694],[118.455822,30.095142],[118.457877,30.092803],[118.462754,30.088331],[118.4653,30.085287],[118.468911,30.082448],[118.473332,30.080277],[118.477689,30.076505],[118.494493,30.072139],[118.498358,30.067958],[118.500528,30.064237],[118.503554,30.056947],[118.505973,30.054516],[118.509595,30.048438],[118.510191,30.044055],[118.513999,30.038921],[118.514693,30.035458],[118.513495,30.030669],[118.508386,30.024184],[118.500522,30.02178],[118.498109,30.018148],[118.498705,30.013295],[118.498705,30.006014],[118.499915,30.002373],[118.502941,29.998118],[118.504046,29.994237],[118.504804,29.993808],[118.505771,29.991383],[118.506876,29.991942],[118.5079,29.99415],[118.509295,29.998311],[118.510857,29.999078],[118.513958,29.999484],[118.517829,29.9992],[118.520404,29.998827],[118.521787,29.997524],[118.52361,29.994052],[118.524519,29.992505],[118.524709,29.990442],[118.523373,29.98734],[118.521944,29.983667],[118.521041,29.979163],[118.520775,29.975222],[118.523448,29.96971],[118.524721,29.967387],[118.525809,29.966572],[118.52718,29.964768],[118.527435,29.965024],[118.531607,29.960409],[118.53873,29.953132],[118.544048,29.949434],[118.548665,29.94522],[118.550928,29.944555],[118.554099,29.944307],[118.558653,29.944393],[118.560869,29.945126],[118.564589,29.947579],[118.5668,29.949899],[118.569768,29.954365],[118.573003,29.960713],[118.57493,29.96376],[118.578535,29.966233],[118.58347,29.9683],[118.592,29.969033],[118.59741,29.968576],[118.602762,29.969864],[118.605829,29.971679],[118.608346,29.974545],[118.612969,29.979183],[118.613999,29.980466],[118.614619,29.982781],[118.615047,29.986887],[118.614983,29.98871],[118.615573,29.990914],[118.616418,29.993422],[118.618576,29.997398],[118.615012,29.999712],[118.614474,30.00179],[118.614671,30.002361],[118.617749,30.008029],[118.620764,30.011634],[118.624779,30.013614],[118.628043,30.016526],[118.630983,30.017608],[118.634738,30.019131],[118.637666,30.019989],[118.644372,30.023055],[118.651027,30.024523],[118.658433,30.024365],[118.663444,30.023574],[118.669005,30.023689],[118.675127,30.024936],[118.680196,30.026435],[118.685265,30.027702],[118.688748,30.029009],[118.692567,30.032826],[118.694807,30.036674],[118.694708,30.04195],[118.694905,30.048143],[118.695813,30.05225],[118.69781,30.056794],[118.700523,30.059032],[118.703712,30.059426],[118.708804,30.061377],[118.714411,30.063088],[118.718826,30.066628],[118.724294,30.067848],[118.73037,30.070283],[118.734617,30.07514],[118.736434,30.080599],[118.740085,30.086668],[118.743117,30.092736],[118.746149,30.090915],[118.751617,30.087281],[118.754644,30.080607],[118.760887,30.07809],[118.767987,30.076772],[118.776696,30.076792],[118.784675,30.078428],[118.789947,30.078298],[118.796913,30.081795],[118.802376,30.087619],[118.806461,30.091871],[118.811032,30.094277],[118.816454,30.098953],[118.821054,30.102735],[118.824798,30.104017],[118.83015,30.1064],[118.835485,30.108323],[118.839993,30.109125],[118.845282,30.109447],[118.850061,30.11047],[118.855813,30.108488],[118.859459,30.107474],[118.864157,30.105515],[118.864365,30.105527],[118.868861,30.101461],[118.868561,30.103349],[118.86867,30.105244],[118.869116,30.107407],[118.870146,30.109593],[118.871627,30.113013],[118.87389,30.115054],[118.878062,30.116733],[118.880365,30.117055],[118.881366,30.117039],[118.883854,30.116387],[118.885243,30.116548],[118.886498,30.116992],[118.887227,30.117444],[118.888032,30.118698],[118.888605,30.122359],[118.88813,30.127241],[118.8882,30.127807],[118.888668,30.128436],[118.891533,30.131046],[118.893396,30.133087],[118.894212,30.134282],[118.895016,30.135885],[118.895971,30.138794],[118.89696,30.144403],[118.896573,30.1455],[118.896798,30.148078],[118.896289,30.148483],[118.895091,30.148498],[118.893043,30.147889],[118.890931,30.147453],[118.884386,30.14671],[118.881036,30.146808],[118.877344,30.147414],[118.874983,30.148188],[118.872628,30.149874],[118.87054,30.151163],[118.869162,30.151403],[118.865731,30.151497],[118.863746,30.150255],[118.86208,30.148899],[118.860622,30.148459],[118.858839,30.148251],[118.856403,30.148215],[118.854494,30.148636],[118.85215,30.149921],[118.850582,30.151544],[118.849274,30.152649],[118.846989,30.153879],[118.846335,30.154806],[118.845698,30.156139],[118.846248,30.158768],[118.846804,30.161051],[118.848077,30.163047],[118.851057,30.165417],[118.852856,30.166548],[118.855692,30.167437],[118.858336,30.168093],[118.861038,30.168238],[118.864412,30.168997],[118.870291,30.171059],[118.873676,30.172918],[118.877587,30.174478],[118.884265,30.176816],[118.887447,30.178274],[118.891631,30.180411],[118.89843,30.181892],[118.902804,30.183228],[118.903829,30.185369],[118.904789,30.186552],[118.908834,30.187228],[118.910813,30.187487],[118.912155,30.188493],[118.912971,30.18951],[118.914348,30.191777],[118.91572,30.194393],[118.919105,30.197893],[118.920656,30.199017],[118.926581,30.201268],[118.928438,30.201527],[118.929237,30.201912],[118.929873,30.203393],[118.929081,30.206673],[118.927489,30.209941],[118.92698,30.211209],[118.926135,30.212651],[118.924961,30.213869],[118.923381,30.214509],[118.919359,30.215228],[118.915656,30.215381],[118.911449,30.215322],[118.905206,30.216575],[118.903192,30.217926],[118.901653,30.220247],[118.899882,30.223428],[118.89891,30.226935],[118.897423,30.230917],[118.896179,30.234553],[118.893523,30.239752],[118.893378,30.241515],[118.893054,30.242666],[118.892534,30.243247],[118.889716,30.24499],[118.888078,30.245469],[118.88636,30.245831],[118.883871,30.246655],[118.882425,30.247476],[118.881782,30.248744],[118.881528,30.250177],[118.881545,30.251151],[118.882344,30.252344],[118.886319,30.253341],[118.888963,30.253777],[118.889692,30.254276],[118.889444,30.255721],[118.888026,30.258426],[118.886533,30.260738],[118.885463,30.264471],[118.885607,30.266473],[118.885034,30.268377],[118.883414,30.271086],[118.879867,30.278355],[118.878073,30.282724],[118.877205,30.288069],[118.877501,30.290817],[118.878577,30.292587],[118.880573,30.294514],[118.881528,30.296338],[118.881811,30.298513],[118.88158,30.301267],[118.881551,30.304599],[118.879196,30.312184],[118.872756,30.309449],[118.855911,30.305709],[118.850189,30.303834],[118.845334,30.300753],[118.841833,30.298775],[118.839657,30.296998],[118.83828,30.294969],[118.835572,30.292979],[118.832546,30.289384],[118.82827,30.287889],[118.823722,30.286174],[118.819226,30.285828],[118.81473,30.285942],[118.807086,30.286598],[118.802873,30.287163],[118.798146,30.287971],[118.791034,30.289066],[118.784224,30.29084],[118.776082,30.292646],[118.76764,30.293764],[118.758677,30.294671],[118.751033,30.295993],[118.743609,30.295703],[118.73747,30.29447],[118.730781,30.292324],[118.725434,30.290157],[118.724821,30.289973],[118.721771,30.28942],[118.717269,30.289392],[118.712426,30.288226],[118.709568,30.286405],[118.706512,30.285393],[118.70219,30.283246],[118.699401,30.282802],[118.696757,30.282995],[118.692718,30.282959],[118.69134,30.283018],[118.689807,30.282382],[118.688227,30.281299],[118.687585,30.28051],[118.687302,30.279643],[118.687313,30.277829],[118.686729,30.277033],[118.685878,30.274509],[118.685826,30.273755],[118.68604,30.272362],[118.685062,30.270057],[118.685282,30.268165],[118.685757,30.267156],[118.687296,30.266191],[118.688488,30.266006],[118.689425,30.265366],[118.690021,30.264636],[118.690744,30.262461],[118.689113,30.260907],[118.689136,30.259855],[118.689373,30.258284],[118.689199,30.256698],[118.688245,30.255379],[118.68696,30.253334],[118.685919,30.252811],[118.684837,30.252713],[118.68133,30.252128],[118.679276,30.251041],[118.677366,30.250593],[118.675949,30.249918],[118.673727,30.249058],[118.672402,30.248744],[118.671829,30.249345],[118.671337,30.250907],[118.671244,30.252957],[118.670394,30.254582],[118.668131,30.25746],[118.666604,30.259969],[118.664764,30.262477],[118.664295,30.265205],[118.664879,30.26685],[118.665001,30.267863],[118.665684,30.268574],[118.666251,30.269629],[118.666251,30.270623],[118.665811,30.272236],[118.665481,30.272597],[118.663942,30.272817],[118.662547,30.274073],[118.661581,30.276079],[118.660499,30.276361],[118.658711,30.277296],[118.658225,30.277774],[118.661026,30.278948],[118.662472,30.279788],[118.663172,30.280345],[118.664081,30.281531],[118.664243,30.282838],[118.66415,30.283705],[118.664306,30.286264],[118.663884,30.287681],[118.66371,30.288878],[118.664075,30.290409],[118.664092,30.291664],[118.663936,30.293364],[118.663589,30.29427],[118.661703,30.29582],[118.660892,30.298607],[118.660204,30.30029],[118.660129,30.301452],[118.660597,30.302378],[118.662119,30.303155],[118.662426,30.304999],[118.663126,30.305423],[118.665498,30.305713],[118.668826,30.305831],[118.669937,30.306094],[118.670897,30.306553],[118.671325,30.307157],[118.671835,30.308515],[118.672714,30.310312],[118.67375,30.311332],[118.674814,30.311995],[118.675833,30.313196],[118.678367,30.31732],[118.679687,30.318803],[118.680491,30.318952],[118.681625,30.31874],[118.684235,30.317716],[118.68641,30.317014],[118.687637,30.31617],[118.688551,30.315797],[118.690687,30.316064],[118.692376,30.315303],[118.692804,30.314667],[118.693348,30.314487]]]]}},{"type":"Feature","properties":{"adcode":341004,"name":"徽州区","center":[118.339743,29.825201],"centroid":[118.259855,29.924199],"childrenNum":0,"level":"district","acroutes":[100000,340000,341000],"parent":{"adcode":341000},"cityId":"huiZhouQu"},"geometry":{"type":"MultiPolygon","coordinates":[[[[118.383198,29.775104],[118.384177,29.775429],[118.386123,29.776554],[118.387906,29.777715],[118.390606,29.778844],[118.392317,29.779156],[118.393512,29.778734],[118.394463,29.77777],[118.395479,29.777541],[118.396196,29.777812],[118.398185,29.778953],[118.397847,29.77977],[118.397772,29.780712],[118.398999,29.780776],[118.39949,29.780442],[118.399859,29.779548],[118.401617,29.780191],[118.402011,29.781204],[118.401363,29.782918],[118.401457,29.783349],[118.402715,29.786609],[118.403938,29.790512],[118.405377,29.792888],[118.406713,29.794036],[118.40782,29.797328],[118.407714,29.799878],[118.407125,29.801726],[118.407191,29.806381],[118.40833,29.808034],[118.409112,29.809757],[118.409443,29.809953],[118.413025,29.81318],[118.415168,29.816349],[118.416954,29.820451],[118.417317,29.822283],[118.418434,29.82506],[118.416788,29.826403],[118.411868,29.828695],[118.405386,29.831568],[118.401485,29.832224],[118.397306,29.832266],[118.392442,29.832054],[118.392054,29.831912],[118.385034,29.823604],[118.384471,29.822183],[118.384462,29.821573],[118.385116,29.81949],[118.385741,29.818124],[118.385939,29.816054],[118.385791,29.81534],[118.384531,29.813514],[118.383007,29.812219],[118.379732,29.81084],[118.377089,29.808696],[118.374881,29.80759],[118.37331,29.8074],[118.37285,29.807622],[118.371649,29.809551],[118.369944,29.810049],[118.367389,29.810467],[118.366353,29.810859],[118.365014,29.811136],[118.362556,29.811836],[118.360879,29.812698],[118.36041,29.814974],[118.359922,29.816282],[118.359493,29.817976],[118.359919,29.818886],[118.361667,29.819088],[118.363457,29.819432],[118.364783,29.819834],[118.366441,29.820518],[118.368311,29.820065],[118.369775,29.82029],[118.370651,29.820997],[118.372137,29.822457],[118.373473,29.822463],[118.376998,29.823604],[118.378622,29.823797],[118.379041,29.824353],[118.379188,29.825298],[118.378728,29.82649],[118.378084,29.827451],[118.377389,29.82909],[118.377173,29.830357],[118.377374,29.831633],[118.377173,29.83269],[118.377142,29.834795],[118.377433,29.835039],[118.378897,29.835161],[118.379764,29.835415],[118.380205,29.835978],[118.380126,29.837016],[118.378106,29.83924],[118.375306,29.840776],[118.373198,29.842672],[118.372619,29.843469],[118.371493,29.843648],[118.369578,29.843562],[118.36797,29.842633],[118.366172,29.841859],[118.359065,29.836861],[118.357538,29.835033],[118.355089,29.833284],[118.353425,29.831867],[118.352208,29.831051],[118.349114,29.830688],[118.348441,29.830697],[118.347969,29.832857],[118.348226,29.834641],[118.348914,29.836839],[118.351832,29.843279],[118.350071,29.844693],[118.346768,29.845663],[118.343655,29.842071],[118.34232,29.84342],[118.342598,29.84396],[118.340731,29.843886],[118.33719,29.841505],[118.335216,29.840236],[118.333539,29.838963],[118.334653,29.840833],[118.335585,29.842006],[118.33597,29.842858],[118.336051,29.843832],[118.335732,29.845281],[118.332513,29.84807],[118.331287,29.848896],[118.329938,29.850168],[118.329422,29.851165],[118.328127,29.852042],[118.327514,29.853276],[118.327461,29.854336],[118.327908,29.854808],[118.327996,29.856344],[118.327814,29.858102],[118.326898,29.860621],[118.326641,29.861774],[118.326654,29.862805],[118.327714,29.8633],[118.329003,29.863262],[118.329948,29.86287],[118.332069,29.862449],[118.339389,29.860136],[118.34115,29.859914],[118.341528,29.860029],[118.344916,29.862815],[118.349561,29.865642],[118.350612,29.86606],[118.354951,29.867191],[118.355652,29.867236],[118.357163,29.869038],[118.357122,29.869478],[118.356584,29.869896],[118.354773,29.870243],[118.354666,29.870953],[118.354085,29.871216],[118.354216,29.871676],[118.353741,29.872517],[118.353118,29.87264],[118.352636,29.873639],[118.353587,29.87492],[118.353556,29.875875],[118.353834,29.876405],[118.353497,29.878284],[118.354091,29.879379],[118.353609,29.880455],[118.353928,29.881069],[118.352323,29.881226],[118.351426,29.880738],[118.350149,29.881361],[118.34912,29.881336],[118.348732,29.882402],[118.347663,29.882447],[118.34704,29.883183],[118.346111,29.883452],[118.345451,29.884297],[118.344744,29.884339],[118.344935,29.885447],[118.344093,29.885948],[118.343968,29.886706],[118.343568,29.886944],[118.34292,29.888971],[118.34293,29.889809],[118.343296,29.890728],[118.342686,29.891759],[118.342614,29.893214],[118.342939,29.894348],[118.342598,29.895045],[118.342917,29.895799],[118.34368,29.896544],[118.346683,29.898799],[118.34795,29.899528],[118.348945,29.900318],[118.349777,29.901462],[118.350171,29.903051],[118.348807,29.906459],[118.346771,29.909689],[118.342495,29.91486],[118.339451,29.918803],[118.336542,29.923035],[118.333489,29.926271],[118.331574,29.927986],[118.329466,29.929087],[118.32275,29.93102],[118.314989,29.934433],[118.310541,29.936619],[118.308432,29.938558],[118.304338,29.941852],[118.301563,29.944591],[118.300881,29.94627],[118.300812,29.947201],[118.301247,29.94792],[118.304394,29.954889],[118.304319,29.956404],[118.303484,29.957453],[118.299736,29.960175],[118.295266,29.96229],[118.29078,29.964758],[118.289341,29.965442],[118.288647,29.965943],[118.288441,29.966809],[118.288753,29.96826],[118.289188,29.971421],[118.289035,29.972952],[118.289923,29.974213],[118.290367,29.975122],[118.290061,29.976447],[118.289529,29.97705],[118.28764,29.977153],[118.285137,29.978029],[118.284424,29.979066],[118.284161,29.980138],[118.282888,29.982143],[118.281753,29.983629],[118.281606,29.985522],[118.282206,29.987329],[118.281577,29.989655],[118.280498,29.990284],[118.281102,29.992306],[118.281149,29.996169],[118.280924,29.996907],[118.279084,29.996714],[118.277686,29.996316],[118.276422,29.995649],[118.274686,29.995485],[118.273138,29.996445],[118.271505,29.996162],[118.27102,29.996701],[118.268811,29.996756],[118.267986,29.997587],[118.268167,29.998107],[118.2696,30.000664],[118.269459,30.001225],[118.268758,30.001973],[118.26842,30.003054],[118.267901,30.003962],[118.26842,30.005717],[118.269193,30.006253],[118.269084,30.007674],[118.269506,30.008268],[118.269694,30.009089],[118.271636,30.010792],[118.272449,30.009897],[118.275309,30.00905],[118.277927,30.008027],[118.27808,30.006449],[118.278496,30.005178],[118.279425,30.003304],[118.28027,30.002284],[118.280852,30.001148],[118.28143,30.000917],[118.282256,30.001052],[118.284799,30.002137],[118.287627,30.002085],[118.288778,30.001572],[118.290098,30.001206],[118.290674,30.001283],[118.291797,30.00205],[118.294637,30.00042],[118.295667,30.001652],[118.296436,30.001565],[118.299154,29.999079],[118.300831,29.998238],[118.301372,29.998315],[118.301266,29.99992],[118.301601,30.001296],[118.301322,30.004232],[118.302248,30.004443],[118.302627,30.00411],[118.30267,30.002644],[118.30497,30.003176],[118.306302,30.002891],[118.307281,30.002358],[118.308045,30.002268],[118.309355,30.002836],[118.309903,30.003247],[118.310866,30.003115],[118.311267,30.002711],[118.311586,30.003417],[118.310822,30.003824],[118.310081,30.004655],[118.309875,30.006012],[118.30999,30.007559],[118.308855,30.008203],[118.308051,30.009836],[118.307569,30.009775],[118.306136,30.00779],[118.30446,30.00803],[118.303043,30.007565],[118.302764,30.007751],[118.302483,30.010314],[118.302204,30.010953],[118.301635,30.011261],[118.30065,30.011354],[118.300299,30.011161],[118.299358,30.009788],[118.298078,30.009413],[118.296051,30.009994],[118.294381,30.010128],[118.293583,30.010542],[118.292983,30.011283],[118.292595,30.012842],[118.292157,30.013939],[118.292323,30.014353],[118.295063,30.014661],[118.29576,30.014498],[118.295717,30.013802],[118.295207,30.012345],[118.296201,30.011373],[118.297105,30.013089],[118.298294,30.013737],[118.300875,30.014732],[118.302085,30.014594],[118.303274,30.01487],[118.303503,30.015778],[118.304516,30.016945],[118.305167,30.018742],[118.306459,30.021189],[118.307519,30.021651],[118.308382,30.022905],[118.309146,30.024769],[118.309631,30.025401],[118.309321,30.026684],[118.308432,30.028233],[118.306637,30.030068],[118.304895,30.031133],[118.303312,30.031367],[118.302417,30.03172],[118.301963,30.033602],[118.302042,30.034597],[118.302561,30.035312],[118.302664,30.03603],[118.302558,30.037605],[118.303171,30.040463],[118.303484,30.042451],[118.302764,30.043452],[118.302326,30.045075],[118.300916,30.045706],[118.300506,30.046069],[118.298917,30.046274],[118.298432,30.047153],[118.298272,30.050491],[118.298441,30.051395],[118.299411,30.052918],[118.299689,30.053897],[118.29963,30.054631],[118.299092,30.055282],[118.299351,30.055776],[118.297928,30.056449],[118.297719,30.05753],[118.299245,30.059258],[118.300205,30.059995],[118.301188,30.062019],[118.301654,30.063452],[118.300759,30.065725],[118.299902,30.066642],[118.299154,30.067175],[118.29861,30.069243],[118.298626,30.071073],[118.297562,30.071772],[118.295942,30.071676],[118.295207,30.071766],[118.292326,30.073064],[118.291262,30.073754],[118.288916,30.07451],[118.287658,30.074324],[118.286047,30.073673],[118.284139,30.073577],[118.281743,30.074411],[118.281118,30.075206],[118.279829,30.07594],[118.279059,30.0761],[118.275503,30.075453],[118.273979,30.075395],[118.273231,30.075052],[118.272534,30.076427],[118.269612,30.077139],[118.268517,30.077803],[118.267504,30.078829],[118.266262,30.079188],[118.265883,30.079665],[118.262155,30.079646],[118.2609,30.07979],[118.258245,30.081409],[118.257763,30.081621],[118.256731,30.080983],[118.25587,30.080749],[118.251616,30.081018],[118.249908,30.080662],[118.248785,30.079136],[118.246602,30.077415],[118.246276,30.075709],[118.245203,30.074305],[118.244603,30.073077],[118.243624,30.072308],[118.241822,30.070586],[118.241112,30.069505],[118.240658,30.068101],[118.239482,30.067883],[118.237774,30.068082],[118.237352,30.068005],[118.236338,30.067328],[118.234721,30.066908],[118.232728,30.06762],[118.231693,30.068624],[118.230573,30.068954],[118.228912,30.068284],[118.22685,30.06789],[118.225831,30.067043],[118.224332,30.067187],[118.222409,30.066799],[118.220938,30.065866],[118.21984,30.064529],[118.219221,30.064151],[118.218114,30.064206],[118.216972,30.06494],[118.215386,30.066216],[118.215267,30.066604],[118.214501,30.067322],[118.213087,30.067383],[118.211817,30.066777],[118.211842,30.064828],[118.21121,30.063397],[118.211172,30.062477],[118.211723,30.059268],[118.212183,30.058495],[118.212026,30.058023],[118.209349,30.058094],[118.208047,30.057959],[118.207553,30.055952],[118.207691,30.055093],[118.208964,30.052649],[118.209029,30.052072],[118.208645,30.050481],[118.210525,30.047685],[118.211629,30.044953],[118.213747,30.042682],[118.213328,30.041954],[118.213199,30.039956],[118.213631,30.038336],[118.215805,30.035248],[118.216593,30.034459],[118.217244,30.032188],[118.217219,30.03121],[118.216675,30.029616],[118.215846,30.028233],[118.214876,30.027258],[118.212974,30.026421],[118.210018,30.025789],[118.209314,30.026119],[118.20836,30.026129],[118.207891,30.025895],[118.204741,30.02526],[118.203655,30.025122],[118.203518,30.024593],[118.204225,30.023316],[118.203565,30.021651],[118.202942,30.02092],[118.20125,30.020233],[118.20013,30.019589],[118.198619,30.018023],[118.198635,30.017282],[118.19901,30.01639],[118.200239,30.014655],[118.199273,30.01221],[118.196614,30.009551],[118.196038,30.007052],[118.196141,30.005294],[118.195456,30.004119],[118.195438,30.002047],[118.194509,30.002252],[118.193217,30.003683],[118.192566,30.0042],[118.191918,30.004398],[118.190523,30.004084],[118.189676,30.002974],[118.189238,30.002929],[118.186682,30.004107],[118.185584,30.005178],[118.184955,30.005274],[118.183285,30.005133],[118.181811,30.005191],[118.179728,30.005598],[118.178396,30.007135],[118.178167,30.006125],[118.176297,30.006141],[118.175183,30.00676],[118.173782,30.006583],[118.171986,30.006112],[118.170778,30.005951],[118.169849,30.006112],[118.168748,30.006702],[118.168717,30.008114],[118.16902,30.01067],[118.169302,30.011922],[118.169361,30.013259],[118.169224,30.013882],[118.169505,30.014758],[118.170034,30.015373],[118.171013,30.01564],[118.171435,30.016127],[118.171723,30.01758],[118.172962,30.018565],[118.173193,30.019396],[118.172709,30.021417],[118.173034,30.022652],[118.172615,30.023258],[118.17126,30.023592],[118.16902,30.024535],[118.166759,30.023608],[118.165592,30.023387],[118.165154,30.022758],[118.164009,30.023755],[118.157299,30.02645],[118.15607,30.026565],[118.155507,30.025119],[118.155889,30.023637],[118.155526,30.021844],[118.154049,30.019589],[118.153596,30.018543],[118.15261,30.016852],[118.150621,30.014796],[118.149548,30.013542],[118.148171,30.011556],[118.147252,30.010709],[118.146413,30.010439],[118.143983,30.010571],[118.143686,30.010273],[118.143861,30.008473],[118.144455,30.006295],[118.146025,30.004546],[118.146701,30.002996],[118.147321,30.000253],[118.148034,29.997722],[118.147286,29.996541],[118.146692,29.996089],[118.145444,29.996028],[118.14367,29.995341],[118.141033,29.995457],[118.140223,29.995643],[118.138036,29.996525],[118.135005,29.998229],[118.134351,29.999066],[118.133863,30.000176],[118.131858,30.002875],[118.130726,30.004594],[118.130056,30.00495],[118.12537,30.003606],[118.122943,30.002239],[118.122524,30.002432],[118.119862,30.002454],[118.119177,30.003096],[118.117872,30.003308],[118.117268,30.002916],[118.115482,30.002791],[118.114469,30.003173],[118.113202,30.003311],[118.110756,30.004017],[118.109892,30.004986],[118.10973,30.006089],[118.109179,30.008313],[118.108109,30.009564],[118.10677,30.00375],[118.10632,29.996191],[118.105622,29.98978],[118.107061,29.983565],[118.109292,29.978016],[118.11232,29.972455],[118.114641,29.970346],[118.119618,29.969104],[118.123328,29.969951],[118.127291,29.97033],[118.129274,29.965243],[118.130416,29.958342],[118.133701,29.952773],[118.140917,29.946433],[118.14453,29.94338],[118.147636,29.941252],[118.152532,29.937024],[118.155882,29.93443],[118.158679,29.930243],[118.15963,29.926326],[118.161325,29.920787],[118.163005,29.91433],[118.16369,29.910184],[118.165145,29.90511],[118.168436,29.899997],[118.171748,29.895799],[118.175862,29.892273],[118.179525,29.891505],[118.184536,29.89209],[118.190095,29.893345],[118.195938,29.895517],[118.203023,29.894682],[118.208003,29.893888],[118.211616,29.891059],[118.213331,29.886205],[118.215833,29.881339],[118.217009,29.87581],[118.22102,29.868386],[118.222468,29.863082],[118.222165,29.851389],[118.223065,29.845638],[118.223472,29.840814],[118.225255,29.828072],[118.232231,29.824105],[118.234524,29.825124],[118.24113,29.829145],[118.246367,29.83242],[118.251772,29.833612],[118.257506,29.834657],[118.258476,29.833635],[118.259978,29.833612],[118.264739,29.828775],[118.274867,29.828775],[118.281818,29.830713],[118.283595,29.826439],[118.284668,29.821303],[118.287111,29.817989],[118.288484,29.818439],[118.289945,29.817841],[118.290974,29.818436],[118.291146,29.81948],[118.291831,29.820522],[118.292948,29.820821],[118.294406,29.820743],[118.295266,29.819329],[118.295695,29.816947],[118.29698,29.815012],[118.298948,29.813942],[118.304225,29.81219],[118.307313,29.804893],[118.307913,29.792236],[118.289288,29.792252],[118.289332,29.781513],[118.292773,29.776898],[118.294809,29.776741],[118.296345,29.777866],[118.298416,29.778976],[118.300568,29.780943],[118.301829,29.7815],[118.303083,29.781706],[118.303869,29.781519],[118.305198,29.779262],[118.306994,29.777451],[118.30883,29.777014],[118.310929,29.776869],[118.313422,29.77648],[118.314973,29.775188],[118.315208,29.774091],[118.315239,29.773011],[118.315949,29.772309],[118.317792,29.772158],[118.320222,29.772174],[118.321324,29.771239],[118.322537,29.769894],[118.32376,29.768727],[118.32493,29.768367],[118.32625,29.768508],[118.327836,29.768489],[118.329463,29.767888],[118.332169,29.765601],[118.332719,29.76381],[118.332863,29.761745],[118.333827,29.7607],[118.335272,29.760562],[118.337374,29.760526],[118.339949,29.760703],[118.34546,29.76407],[118.348451,29.766174],[118.350081,29.76754],[118.350318,29.769779],[118.34988,29.772789],[118.350859,29.775895],[118.351623,29.777078],[118.352467,29.777969],[118.353187,29.779011],[118.355377,29.781696],[118.358273,29.784146],[118.358677,29.783934],[118.359909,29.782657],[118.360494,29.781284],[118.360416,29.778615],[118.360597,29.777741],[118.361661,29.776709],[118.362621,29.776876],[118.364104,29.776863],[118.36589,29.77748],[118.367595,29.778271],[118.368734,29.778963],[118.370501,29.781583],[118.371002,29.782632],[118.373154,29.782027],[118.373861,29.781619],[118.374518,29.780937],[118.37545,29.778294],[118.376889,29.777876],[118.377705,29.777242],[118.378897,29.776856],[118.380952,29.77677],[118.381425,29.775956],[118.383198,29.775104]]]]}},{"type":"Feature","properties":{"adcode":361130,"name":"婺源县","center":[117.86219,29.254015],"centroid":[117.780025,29.321716],"childrenNum":0,"level":"district","acroutes":[100000,360000,361100],"parent":{"adcode":361100},"cityId":"wuYuan"},"geometry":{"type":"MultiPolygon","coordinates":[[[[118.193022,29.395273],[118.193055,29.396931],[118.193641,29.399274],[118.192671,29.402792],[118.191081,29.404539],[118.189407,29.405725],[118.188111,29.406101],[118.185868,29.404994],[118.182915,29.404185],[118.179309,29.403854],[118.176581,29.404719],[118.173092,29.407972],[118.169678,29.409574],[118.163646,29.412079],[118.157613,29.413669],[118.147656,29.415243],[118.13611,29.418878],[118.132153,29.422529],[118.129233,29.429169],[118.129475,29.432613],[118.138612,29.437696],[118.139382,29.441134],[118.139624,29.445038],[118.139064,29.450772],[118.137993,29.454894],[118.135608,29.458556],[118.130864,29.464043],[118.128479,29.468389],[118.127668,29.472061],[118.130529,29.475969],[118.135491,29.480113],[118.139398,29.484026],[118.143824,29.48977],[118.14431,29.495507],[118.142971,29.499864],[118.137432,29.506263],[118.134537,29.508778],[118.130847,29.511057],[118.126898,29.512875],[118.121125,29.514918],[118.11531,29.519251],[118.10952,29.521979],[118.103429,29.530661],[118.097631,29.533158],[118.095003,29.534062],[118.091581,29.534499],[118.086862,29.533787],[118.082654,29.533758],[118.074471,29.536923],[118.069476,29.537804],[118.066045,29.538697],[118.060774,29.539353],[118.05629,29.541154],[118.050742,29.543175],[118.048098,29.545677],[118.047287,29.548196],[118.047789,29.551866],[118.047764,29.555535],[118.04589,29.560568],[118.042953,29.566279],[118.034218,29.570795],[118.02867,29.572354],[118.020228,29.574346],[118.014129,29.577274],[118.008322,29.578367],[118.003846,29.578104],[117.998583,29.576219],[117.994659,29.573207],[117.990208,29.56836],[117.987338,29.564663],[117.984719,29.561656],[117.981046,29.560938],[117.97785,29.564579],[117.974135,29.56822],[117.968839,29.570234],[117.964898,29.569976],[117.96017,29.568102],[117.954924,29.565078],[117.949963,29.55953],[117.944482,29.553987],[117.938726,29.549582],[117.933463,29.549089],[117.930024,29.551355],[117.926067,29.552932],[117.920796,29.554497],[117.912922,29.553067],[117.906354,29.552107],[117.895369,29.54745],[117.889863,29.545817],[117.884876,29.546244],[117.880166,29.545761],[117.876484,29.546199],[117.872535,29.547781],[117.870678,29.550295],[117.867774,29.552343],[117.863566,29.554155],[117.859884,29.554823],[117.855684,29.555036],[117.852011,29.555013],[117.845694,29.558195],[117.835704,29.560663],[117.829906,29.563844],[117.825672,29.569095],[117.822769,29.571838],[117.820133,29.572966],[117.816443,29.573869],[117.811984,29.574071],[117.807273,29.573583],[117.804395,29.572881],[117.799952,29.571249],[117.794974,29.570307],[117.790782,29.568214],[117.787661,29.565903],[117.782967,29.56358],[117.777479,29.560332],[117.770952,29.557078],[117.767271,29.55705],[117.763589,29.558172],[117.757791,29.559507],[117.753056,29.560388],[117.747291,29.558739],[117.741802,29.554795],[117.736054,29.551535],[117.730013,29.55034],[117.724491,29.550059],[117.717396,29.549307],[117.707665,29.548988],[117.700227,29.543113],[117.696219,29.540414],[117.691383,29.535666],[117.687383,29.533422],[117.683384,29.530953],[117.678615,29.529639],[117.673612,29.527266],[117.666399,29.527204],[117.664282,29.527765],[117.662534,29.531592],[117.660174,29.534112],[117.657564,29.535038],[117.655715,29.534477],[117.655137,29.532804],[117.653673,29.530206],[117.650226,29.527541],[117.648176,29.525442],[117.647272,29.523691],[117.647649,29.51988],[117.64754,29.516658],[117.647055,29.515221],[117.642077,29.513262],[117.640646,29.509541],[117.638931,29.507666],[117.636688,29.505864],[117.632756,29.504798],[117.63125,29.505926],[117.628204,29.50761],[117.626924,29.509008],[117.626581,29.510439],[117.623778,29.512044],[117.621318,29.512527],[117.619795,29.511775],[117.618934,29.510753],[117.618365,29.50807],[117.614273,29.500767],[117.612474,29.492206],[117.608174,29.482808],[117.604743,29.475795],[117.604091,29.475043],[117.598711,29.471303],[117.595925,29.469832],[117.591373,29.476138],[117.58816,29.481584],[117.587692,29.483162],[117.585993,29.485812],[117.583993,29.486704],[117.577467,29.484835],[117.575953,29.483274],[117.575635,29.480905],[117.572405,29.470394],[117.571276,29.468052],[117.573769,29.46548],[117.575668,29.464306],[117.578337,29.461734],[117.574087,29.457635],[117.572255,29.456759],[117.571125,29.457135],[117.56567,29.457349],[117.561219,29.456354],[117.556424,29.455557],[117.551003,29.451822],[117.546493,29.447408],[117.540895,29.437668],[117.54051,29.437399],[117.535507,29.430821],[117.533373,29.430096],[117.529382,29.430388],[117.525132,29.433916],[117.523099,29.437275],[117.522488,29.439443],[117.522731,29.441179],[117.52345,29.442285],[117.525525,29.443617],[117.526312,29.445639],[117.525366,29.445824],[117.523609,29.44451],[117.52181,29.44406],[117.51828,29.442066],[117.511327,29.43714],[117.509938,29.435989],[117.508557,29.433304],[117.50808,29.429119],[117.508432,29.426085],[117.510113,29.420703],[117.512724,29.415091],[117.516531,29.412254],[117.517426,29.411169],[117.513728,29.407259],[117.511527,29.40573],[117.497638,29.403236],[117.493154,29.401016],[117.48841,29.399263],[117.486276,29.396543],[117.48646,29.393329],[117.486929,29.390109],[117.487129,29.386434],[117.486259,29.38232],[117.485657,29.378194],[117.483482,29.373417],[117.481314,29.36955],[117.481164,29.361293],[117.482436,29.359207],[117.484235,29.357571],[117.4881,29.354749],[117.490409,29.352647],[117.490878,29.349425],[117.490301,29.346451],[117.484477,29.342651],[117.479733,29.340661],[117.474972,29.33822],[117.469191,29.336708],[117.464932,29.332643],[117.460439,29.329966],[117.453302,29.326407],[117.449621,29.325085],[117.445379,29.322628],[117.442458,29.320603],[117.439806,29.318354],[117.435288,29.31498],[117.431807,29.310666],[117.431498,29.308377],[117.431699,29.304935],[117.433748,29.30192],[117.43707,29.297736],[117.441722,29.294226],[117.446868,29.289557],[117.44998,29.287672],[117.453009,29.281659],[117.453478,29.279133],[117.452649,29.276618],[117.449152,29.271391],[117.445973,29.268916],[117.43748,29.26262],[117.43297,29.259474],[117.426093,29.255446],[117.421332,29.253212],[117.416036,29.250302],[117.403385,29.24634],[117.397294,29.24275],[117.39224,29.238912],[117.39014,29.236762],[117.387161,29.233064],[117.385404,29.229591],[117.385614,29.226529],[117.38691,29.222719],[117.388057,29.218227],[117.387848,29.216898],[117.385245,29.210346],[117.384743,29.208246],[117.384676,29.206281],[117.381999,29.204153],[117.378803,29.199998],[117.376786,29.19577],[117.374804,29.192481],[117.372787,29.190173],[117.372703,29.189508],[117.374435,29.188185],[117.376243,29.187504],[117.378343,29.185088],[117.382384,29.183106],[117.384216,29.181186],[117.384601,29.178269],[117.38502,29.172215],[117.385998,29.168301],[117.38804,29.164837],[117.390048,29.160224],[117.393872,29.153972],[117.39849,29.14772],[117.40628,29.144177],[117.409125,29.142532],[117.416931,29.139445],[117.421089,29.138234],[117.423691,29.137743],[117.42759,29.136081],[117.430987,29.135574],[117.434133,29.135991],[117.437045,29.138239],[117.43999,29.142098],[117.441128,29.147128],[117.441187,29.150565],[117.440208,29.154029],[117.441053,29.156772],[117.44317,29.158343],[117.446851,29.159661],[117.450516,29.160067],[117.454181,29.160236],[117.45782,29.159261],[117.463284,29.158028],[117.475625,29.161728],[117.478771,29.162134],[117.48139,29.163007],[117.486887,29.163604],[117.48943,29.162872],[117.4944,29.162055],[117.496258,29.160883],[117.497253,29.157994],[117.497346,29.156383],[117.496751,29.151291],[117.497312,29.150013],[117.49804,29.146847],[117.49773,29.143523],[117.496249,29.140447],[117.494584,29.13887],[117.488878,29.135856],[117.486904,29.134622],[117.483707,29.133986],[117.482001,29.133203],[117.483515,29.130087],[117.485757,29.127924],[117.48682,29.125214],[117.485992,29.122413],[117.486284,29.120396],[117.487414,29.118024],[117.487841,29.116125],[117.489355,29.112998],[117.491832,29.109239],[117.493555,29.107492],[117.499554,29.10366],[117.502767,29.101434],[117.505687,29.100352],[117.510097,29.104692],[117.512632,29.104365],[117.513929,29.102297],[117.514791,29.099073],[117.514573,29.097354],[117.51177,29.094491],[117.506834,29.091403],[117.505813,29.08664],[117.504667,29.084949],[117.503161,29.083839],[117.500031,29.082565],[117.49932,29.081556],[117.50147,29.079549],[117.502374,29.077824],[117.501705,29.073608],[117.502575,29.070366],[117.505219,29.068241],[117.509946,29.067897],[117.511143,29.066336],[117.514481,29.063523],[117.519317,29.057242],[117.525115,29.058595],[117.529299,29.058753],[117.532144,29.057789],[117.535499,29.056126],[117.537272,29.053572],[117.538025,29.051717],[117.539741,29.046185],[117.540736,29.043874],[117.552768,29.032421],[117.560784,29.02862],[117.564674,29.027402],[117.567762,29.025061],[117.572832,29.025986],[117.576706,29.023296],[117.575702,29.019309],[117.574773,29.017013],[117.575225,29.015908],[117.57643,29.016161],[117.582245,29.019269],[117.583634,29.020555],[117.586303,29.025625],[117.586604,29.028298],[117.590587,29.031795],[117.590804,29.032957],[117.589407,29.034885],[117.588922,29.036284],[117.589014,29.043242],[117.591181,29.049185],[117.594887,29.056842],[117.596636,29.057197],[117.605605,29.048283],[117.608015,29.046749],[117.6127,29.042881],[117.615286,29.037146],[117.617553,29.034817],[117.623535,29.031535],[117.62756,29.026291],[117.628823,29.025648],[117.634488,29.02699],[117.636337,29.028518],[117.637031,29.02968],[117.635283,29.031682],[117.632923,29.033086],[117.631141,29.035449],[117.629468,29.036526],[117.630848,29.037688],[117.633593,29.041618],[117.635935,29.044567],[117.637232,29.048869],[117.636864,29.053047],[117.63796,29.057011],[117.639023,29.058229],[117.642955,29.058437],[117.650017,29.056143],[117.651464,29.056526],[117.654225,29.06151],[117.656083,29.063878],[117.657631,29.065338],[117.661823,29.066375],[117.665387,29.066905],[117.669127,29.067971],[117.672039,29.069408],[117.676908,29.073551],[117.678791,29.074279],[117.680924,29.074245],[117.686321,29.070147],[117.690119,29.065546],[117.691801,29.062575],[117.694462,29.062739],[117.695859,29.065625],[117.697315,29.066899],[117.699708,29.068427],[117.700377,29.070079],[117.699014,29.070744],[117.697775,29.07208],[117.695851,29.076359],[117.696093,29.076765],[117.696545,29.081387],[117.69821,29.085124],[117.700084,29.086026],[117.701808,29.085428],[117.705239,29.082407],[117.708175,29.078461],[117.710803,29.077052],[117.711932,29.075164],[117.715346,29.072148],[117.717145,29.071235],[117.721629,29.070186],[117.725938,29.069515],[117.730364,29.06929],[117.734874,29.069521],[117.740078,29.068929],[117.742714,29.068873],[117.752328,29.069521],[117.753549,29.068647],[117.754411,29.065778],[117.755574,29.065377],[117.759481,29.067193],[117.761858,29.067587],[117.76328,29.067418],[117.764359,29.067999],[117.765823,29.069977],[117.766317,29.072114],[117.767187,29.073095],[117.770015,29.074651],[117.774458,29.078292],[117.778775,29.079865],[117.781327,29.08133],[117.783235,29.081928],[117.789418,29.082768],[117.791066,29.083382],[117.79407,29.088156],[117.796162,29.091093],[117.797551,29.09218],[117.799291,29.094784],[117.805432,29.101953],[117.801759,29.105312],[117.801642,29.108135],[117.800839,29.11071],[117.7993,29.112429],[117.798839,29.114345],[117.798998,29.116153],[117.800822,29.117838],[117.803893,29.119247],[117.807005,29.119157],[117.818267,29.118548],[117.822794,29.115641],[117.824049,29.113995],[117.824417,29.112575],[117.822677,29.110941],[117.822442,29.109831],[117.823053,29.10907],[117.825957,29.109352],[117.830742,29.110203],[117.83214,29.112023],[117.832307,29.115348],[117.831512,29.117601],[117.830098,29.119962],[117.828174,29.122177],[117.824358,29.125388],[117.822819,29.127535],[117.822869,29.129293],[117.823882,29.131248],[117.824886,29.131969],[117.827195,29.132634],[117.830851,29.134341],[117.834466,29.139129],[117.839017,29.142335],[117.840231,29.141912],[117.841385,29.139929],[117.84705,29.136166],[117.851969,29.134701],[117.85801,29.136194],[117.865934,29.139952],[117.873581,29.143022],[117.882274,29.146075],[117.885671,29.146244],[117.890139,29.147083],[117.89695,29.147883],[117.901125,29.147579],[117.905317,29.147737],[117.911592,29.14763],[117.917097,29.148221],[117.919239,29.150024],[117.920369,29.153449],[117.920176,29.156665],[117.920796,29.160788],[117.923239,29.164646],[117.925665,29.167591],[117.927841,29.170999],[117.929974,29.172801],[117.934752,29.175245],[117.939228,29.175864],[117.944248,29.177616],[117.947955,29.179626],[117.952992,29.181845],[117.960129,29.18426],[117.96704,29.187594],[117.970813,29.191665],[117.972277,29.198534],[117.975256,29.201929],[117.982719,29.206636],[117.985639,29.208201],[117.987781,29.209777],[117.988618,29.212057],[117.989271,29.217326],[117.992442,29.228753],[117.993856,29.233323],[117.99583,29.238805],[117.998014,29.24221],[118.001219,29.244461],[118.004925,29.245783],[118.018404,29.248794],[118.022094,29.24943],[118.026855,29.250966],[118.030863,29.253195],[118.034921,29.257955],[118.035757,29.260234],[118.036661,29.265039],[118.037389,29.273293],[118.036929,29.275825],[118.038326,29.279245],[118.04097,29.279892],[118.043304,29.278936],[118.04691,29.275898],[118.049228,29.274255],[118.052541,29.273563],[118.055813,29.269124],[118.058406,29.267594],[118.059837,29.267341],[118.061502,29.268061],[118.063669,29.271532],[118.064498,29.273586],[118.065719,29.275572],[118.068564,29.276742],[118.070229,29.278143],[118.07345,29.281771],[118.075508,29.283172],[118.07263,29.285974],[118.071927,29.287014],[118.071894,29.288336],[118.074287,29.290131],[118.076203,29.290626],[118.078152,29.290586],[118.082654,29.289658],[118.085783,29.288691],[118.088243,29.287667],[118.090586,29.287228],[118.095915,29.285827],[118.099296,29.28513],[118.105111,29.284922],[118.107637,29.286424],[118.108441,29.287616],[118.111453,29.290716],[118.114574,29.29336],[118.115896,29.29368],[118.117192,29.293258],[118.118406,29.292206],[118.121066,29.288601],[118.130923,29.285372],[118.13611,29.283898],[118.138863,29.284078],[118.139331,29.284753],[118.143624,29.286857],[118.146828,29.287419],[118.149489,29.286457],[118.152877,29.286277],[118.154651,29.287161],[118.156709,29.288899],[118.160357,29.291014],[118.166658,29.295992],[118.169369,29.297606],[118.173745,29.297747],[118.176606,29.297398],[118.178062,29.298062],[118.178171,29.299907],[118.177208,29.303192],[118.176079,29.305908],[118.173803,29.308771],[118.171301,29.310936],[118.168791,29.312134],[118.166549,29.3139],[118.1667,29.314755],[118.171234,29.316043],[118.173602,29.317319],[118.175267,29.318781],[118.178129,29.320677],[118.179769,29.321391],[118.181584,29.323533],[118.182672,29.325749],[118.183266,29.32878],[118.182982,29.330562],[118.183274,29.332221],[118.184881,29.333919],[118.186939,29.335195],[118.188646,29.335786],[118.193047,29.339828],[118.195423,29.340936],[118.199749,29.341656],[118.203765,29.343067],[118.206493,29.345423],[118.20779,29.34757],[118.208476,29.351978],[118.209195,29.354834],[118.209388,29.357937],[118.208668,29.360354],[118.205187,29.365244],[118.204008,29.367847],[118.204368,29.369044],[118.206593,29.37222],[118.207831,29.374946],[118.208777,29.376312],[118.20881,29.377509],[118.206309,29.379684],[118.204761,29.380684],[118.196352,29.386653],[118.194302,29.388243],[118.192026,29.391671],[118.192018,29.394026],[118.193022,29.395273]]]]}},{"type":"Feature","properties":{"adcode":341023,"name":"黟县","center":[117.942911,29.923812],"centroid":[117.904085,30.007576],"childrenNum":0,"level":"district","acroutes":[100000,340000,341000],"parent":{"adcode":341000},"cityId":"yiXian"},"geometry":{"type":"MultiPolygon","coordinates":[[[[117.852877,30.191757],[117.846956,30.192304],[117.839731,30.187057],[117.831385,30.182187],[117.825937,30.182227],[117.820407,30.182561],[117.817965,30.179623],[117.813396,30.175808],[117.807743,30.170862],[117.802113,30.166607],[117.797826,30.163705],[117.793553,30.161483],[117.788761,30.159732],[117.784775,30.158198],[117.778142,30.156705],[117.769669,30.155928],[117.762272,30.155823],[117.75645,30.155228],[117.743203,30.154056],[117.737613,30.152309],[117.730161,30.150127],[117.717925,30.147092],[117.713866,30.146379],[117.713151,30.145928],[117.711958,30.144841],[117.710751,30.144217],[117.709534,30.144048],[117.706806,30.144515],[117.704382,30.143786],[117.703139,30.143673],[117.702319,30.143855],[117.701125,30.143573],[117.698952,30.14346],[117.698128,30.142848],[117.698287,30.14102],[117.697326,30.139438],[117.696693,30.138911],[117.693417,30.138033],[117.69103,30.136966],[117.690452,30.136543],[117.688785,30.135996],[117.685263,30.133282],[117.683532,30.133394],[117.682685,30.133161],[117.682589,30.132706],[117.683378,30.130971],[117.683951,30.130274],[117.685815,30.12915],[117.686389,30.128301],[117.686644,30.126988],[117.686594,30.126139],[117.684931,30.124894],[117.683368,30.123175],[117.681451,30.122833],[117.679045,30.122764],[117.678599,30.122611],[117.675301,30.12216],[117.673251,30.122128],[117.673287,30.120275],[117.677351,30.117412],[117.677082,30.117183],[117.675788,30.116881],[117.675119,30.116301],[117.674444,30.115225],[117.673101,30.114263],[117.672827,30.11357],[117.673046,30.113067],[117.67531,30.111899],[117.677282,30.110304],[117.677856,30.109418],[117.67787,30.108882],[117.6772,30.108306],[117.676658,30.107034],[117.676303,30.107042],[117.676203,30.10796],[117.673939,30.108689],[117.67382,30.109543],[117.672841,30.109293],[117.672208,30.110127],[117.671552,30.11057],[117.671228,30.110111],[117.671156,30.10916],[117.67065,30.108596],[117.66968,30.108524],[117.667142,30.108802],[117.662468,30.108894],[117.661749,30.10906],[117.662022,30.108544],[117.662081,30.105334],[117.661999,30.103993],[117.661658,30.103228],[117.661799,30.10272],[117.662455,30.102052],[117.662737,30.101033],[117.662733,30.100316],[117.662332,30.099566],[117.66173,30.099019],[117.661594,30.097347],[117.661658,30.095941],[117.661539,30.09466],[117.66117,30.092965],[117.659958,30.091647],[117.658264,30.090596],[117.657275,30.088904],[117.654132,30.088082],[117.653444,30.087281],[117.651413,30.085267],[117.650502,30.084002],[117.649909,30.081097],[117.65001,30.080094],[117.649281,30.07891],[117.650237,30.07675],[117.651627,30.076146],[117.652825,30.075304],[117.653977,30.075175],[117.65543,30.075759],[117.655941,30.075316],[117.658555,30.073716],[117.659612,30.073499],[117.661284,30.073483],[117.662049,30.072886],[117.662368,30.07198],[117.662851,30.06891],[117.663411,30.066601],[117.664455,30.066504],[117.665001,30.066847],[117.665912,30.067983],[117.668231,30.070433],[117.669898,30.07177],[117.673625,30.076621],[117.675533,30.080247],[117.675852,30.080513],[117.677506,30.080545],[117.678836,30.080767],[117.680034,30.080666],[117.682088,30.081129],[117.683787,30.08208],[117.685983,30.082491],[117.691112,30.083224],[117.692552,30.082052],[117.692871,30.081423],[117.693062,30.07814],[117.692588,30.076984],[117.693158,30.07617],[117.693326,30.074732],[117.693645,30.074244],[117.699818,30.076657],[117.701203,30.078035],[117.703161,30.078068],[117.703672,30.078196],[117.704373,30.079079],[117.704952,30.079079],[117.705343,30.078422],[117.706204,30.077918],[117.707571,30.077443],[117.708942,30.077399],[117.711133,30.077995],[117.713593,30.078797],[117.716322,30.079872],[117.718194,30.081101],[117.719456,30.081488],[117.724758,30.082096],[117.730302,30.081786],[117.734233,30.080352],[117.736798,30.076416],[117.738265,30.071118],[117.738689,30.066065],[117.738821,30.059417],[117.738716,30.054827],[117.738083,30.049794],[117.737454,30.045216],[117.73386,30.037704],[117.734074,30.035181],[117.737194,30.032835],[117.747804,30.034967],[117.75414,30.0351],[117.759953,30.035003],[117.764422,30.034012],[117.769902,30.031404],[117.7754,30.029477],[117.779796,30.025503],[117.781823,30.021343],[117.783563,30.016953],[117.78375,30.013051],[117.783377,30.008016],[117.782456,30.001835],[117.777851,29.996182],[117.777997,29.991134],[117.779249,29.987904],[117.783909,29.984154],[117.78918,29.984061],[117.794205,29.984666],[117.798409,29.9839],[117.802573,29.982222],[117.805944,29.979408],[117.807693,29.97525],[117.807866,29.97112],[117.806973,29.966321],[117.80823,29.963776],[117.811866,29.960956],[117.81868,29.960145],[117.824484,29.960266],[117.829477,29.959944],[117.834178,29.958254],[117.837002,29.954995],[117.839298,29.951739],[117.840551,29.949194],[117.847315,29.945168],[117.85249,29.941634],[117.856873,29.937426],[117.861555,29.934816],[117.864639,29.931548],[117.865869,29.927852],[117.865496,29.923046],[117.864348,29.918023],[117.863428,29.912535],[117.862248,29.906824],[117.860057,29.902962],[117.857059,29.898664],[117.855173,29.896408],[117.854322,29.893667],[117.854745,29.889074],[117.856996,29.884218],[117.859018,29.880052],[117.863915,29.875834],[117.868871,29.873678],[117.875144,29.871732],[117.882751,29.870674],[117.888796,29.869875],[117.893807,29.870476],[117.89752,29.871558],[117.901246,29.873331],[117.905501,29.874631],[117.90997,29.874328],[117.913628,29.873347],[117.918579,29.870509],[117.921937,29.867477],[117.92503,29.864215],[117.927043,29.860052],[117.928305,29.857278],[117.930273,29.851742],[117.932541,29.846889],[117.933808,29.844575],[117.933202,29.840916],[117.929945,29.837068],[117.925626,29.833013],[117.921873,29.830549],[117.918679,29.828998],[117.91494,29.826539],[117.911988,29.824297],[117.909054,29.822512],[117.906621,29.820258],[117.904731,29.817766],[117.904157,29.81571],[117.902216,29.811388],[117.902394,29.807946],[117.902554,29.803353],[117.904572,29.799422],[117.906621,29.79686],[117.910744,29.792893],[117.915427,29.790521],[117.919094,29.789083],[117.923303,29.78924],[117.932013,29.790016],[117.935994,29.790873],[117.941288,29.791935],[117.949501,29.79341],[117.954225,29.791729],[117.956598,29.791697],[117.959044,29.794869],[117.960411,29.797139],[117.962078,29.800557],[117.964811,29.804415],[117.967804,29.808499],[117.969945,29.809614],[117.973913,29.809554],[117.977343,29.809271],[117.98127,29.808067],[117.985994,29.806851],[117.990754,29.806782],[117.995537,29.807627],[117.998758,29.809873],[117.999172,29.810834],[118.001641,29.811004],[118.004999,29.810959],[118.007058,29.811553],[118.009668,29.81325],[118.011795,29.814195],[118.013608,29.815484],[118.014419,29.816566],[118.01497,29.817762],[118.012898,29.819171],[118.010957,29.820973],[118.010005,29.822702],[118.009518,29.824543],[118.00955,29.825808],[118.011103,29.827674],[118.012032,29.831163],[118.01036,29.832964],[118.008944,29.834705],[118.008055,29.836203],[118.007044,29.838283],[118.006511,29.840876],[118.006402,29.842309],[118.0055,29.843129],[118.004106,29.845903],[118.003113,29.848552],[118.00283,29.850749],[118.005081,29.853818],[118.005673,29.867792],[118.003231,29.872915],[118.003719,29.87438],[118.004944,29.87438],[118.010579,29.872935],[118.016688,29.871244],[118.025994,29.868341],[118.032846,29.866653],[118.036576,29.866189],[118.038745,29.868216],[118.041487,29.872531],[118.043678,29.875478],[118.048293,29.880456],[118.051267,29.883156],[118.05559,29.887217],[118.058861,29.891524],[118.061827,29.893994],[118.063494,29.897179],[118.063303,29.900395],[118.061558,29.904552],[118.059321,29.910319],[118.057645,29.917684],[118.05775,29.921812],[118.057299,29.924806],[118.05769,29.930071],[118.057786,29.934195],[118.058419,29.938544],[118.058838,29.944958],[118.059194,29.948395],[118.057987,29.953002],[118.05595,29.956475],[118.052857,29.959734],[118.050283,29.962295],[118.047491,29.967155],[118.046498,29.970156],[118.048183,29.974258],[118.050101,29.97675],[118.052834,29.980146],[118.055276,29.98286],[118.06312,29.99007],[118.069029,29.993872],[118.073871,29.99746],[118.077921,30.001057],[118.082499,30.00419],[118.08495,30.007129],[118.088958,30.00935],[118.093814,30.013623],[118.098156,30.01813],[118.102511,30.023552],[118.104761,30.029018],[118.104811,30.031307],[118.103062,30.035007],[118.101048,30.038945],[118.09852,30.04358],[118.096092,30.052341],[118.092525,30.057217],[118.09032,30.064599],[118.088708,30.074027],[118.086448,30.078885],[118.085701,30.080924],[118.083929,30.084167],[118.079971,30.084231],[118.07255,30.083671],[118.065102,30.082189],[118.058164,30.07955],[118.052475,30.074595],[118.047682,30.072838],[118.039984,30.07227],[118.038622,30.070687],[118.036376,30.069756],[118.035952,30.070453],[118.034727,30.07109],[118.034654,30.072572],[118.034153,30.073406],[118.034517,30.074446],[118.034189,30.076907],[118.033292,30.07847],[118.033001,30.080074],[118.032053,30.081645],[118.032572,30.082934],[118.033001,30.084795],[118.033328,30.085714],[118.033256,30.086733],[118.031757,30.085827],[118.02937,30.084199],[118.028076,30.083897],[118.027539,30.083981],[118.026327,30.083446],[118.025015,30.082652],[118.023211,30.080142],[118.022355,30.079615],[118.022122,30.078317],[118.020815,30.077556],[118.020683,30.077213],[118.019093,30.076053],[118.018355,30.074857],[118.018391,30.073555],[118.018232,30.072621],[118.01831,30.071783],[118.018792,30.070985],[118.019462,30.070304],[118.019508,30.069909],[118.018155,30.068866],[118.017285,30.06868],[118.016747,30.068801],[118.015216,30.069792],[118.014201,30.070002],[118.01282,30.071492],[118.011476,30.07254],[118.010278,30.073015],[118.008115,30.074135],[118.007741,30.074135],[118.005983,30.073455],[118.004015,30.072234],[118.000216,30.071396],[117.996785,30.071509],[117.995806,30.071086],[117.994699,30.071037],[117.993528,30.071263],[117.992221,30.070662],[117.991524,30.07061],[117.989688,30.071033],[117.988855,30.070453],[117.987757,30.070521],[117.982413,30.068994],[117.977617,30.067693],[117.973066,30.065235],[117.968469,30.061403],[117.965235,30.058474],[117.962752,30.054614],[117.961085,30.051196],[117.956794,30.048742],[117.952544,30.047888],[117.95023,30.051136],[117.948777,30.05689],[117.948125,30.062632],[117.947223,30.069526],[117.947365,30.075255],[117.946709,30.081456],[117.945788,30.087204],[117.944581,30.092268],[117.942568,30.096429],[117.936883,30.102483],[117.933311,30.1085],[117.930264,30.113365],[117.92718,30.117311],[117.924355,30.121488],[117.919727,30.126839],[117.915901,30.132859],[117.913942,30.139317],[117.913245,30.143686],[117.913628,30.148722],[117.914261,30.153529],[117.914375,30.158569],[117.912657,30.164333],[117.912448,30.166631],[117.909897,30.170797],[117.907797,30.171522],[117.90438,30.172041],[117.900927,30.171413],[117.89665,30.169421],[117.890769,30.166309],[117.88543,30.163657],[117.880109,30.161688],[117.877959,30.160118],[117.876861,30.158074],[117.87652,30.154869],[117.876962,30.150964],[117.876866,30.146838],[117.87729,30.142244],[117.879276,30.136245],[117.880651,30.127278],[117.881121,30.124749],[117.880528,30.121777],[117.87882,30.116534],[117.878501,30.113788],[117.877923,30.111734],[117.876274,30.108782],[117.873067,30.107235],[117.86806,30.107098],[117.864161,30.109688],[117.861565,30.111573],[117.857692,30.11531],[117.852262,30.119998],[117.849174,30.123263],[117.846618,30.12698],[117.845972,30.133415],[117.848222,30.140018],[117.849712,30.147333],[117.850017,30.14939],[117.851174,30.153955],[117.854208,30.159861],[117.855351,30.163741],[117.857023,30.167605],[117.857638,30.171727],[117.856408,30.175873],[117.85603,30.179084],[117.85603,30.182304],[117.854194,30.186445],[117.852877,30.191757]]]]}},{"type":"Feature","properties":{"adcode":341024,"name":"祁门县","center":[117.717237,29.853472],"centroid":[117.593628,29.867253],"childrenNum":0,"level":"district","acroutes":[100000,340000,341000],"parent":{"adcode":341000},"cityId":"qiMen"},"geometry":{"type":"MultiPolygon","coordinates":[[[[117.661744,30.109056],[117.660787,30.109389],[117.658179,30.111605],[117.655858,30.115453],[117.650968,30.116086],[117.646137,30.114481],[117.644615,30.1119],[117.642904,30.105645],[117.640312,30.104422],[117.639694,30.103658],[117.640719,30.101944],[117.639039,30.099755],[117.638225,30.100055],[117.637916,30.101316],[117.636966,30.101955],[117.63518,30.0997],[117.633349,30.099127],[117.631194,30.099291],[117.630855,30.102839],[117.629121,30.103494],[117.625527,30.103969],[117.623718,30.105688],[117.619935,30.110131],[117.615361,30.111687],[117.614547,30.113837],[117.614592,30.116451],[117.613289,30.119207],[117.613605,30.120828],[117.612701,30.123049],[117.612837,30.124441],[117.612196,30.126847],[117.612505,30.128157],[117.611864,30.12968],[117.610493,30.131491],[117.60931,30.1304],[117.606024,30.129538],[117.60246,30.12992],[117.599747,30.129767],[117.599046,30.128223],[117.600855,30.128506],[117.599589,30.126586],[117.595625,30.127835],[117.590546,30.124708],[117.589483,30.123415],[117.587607,30.122771],[117.58726,30.121587],[117.584871,30.118039],[117.583839,30.117254],[117.580568,30.116282],[117.577185,30.116975],[117.575127,30.116102],[117.572754,30.115731],[117.57105,30.114301],[117.569943,30.112336],[117.568127,30.111119],[117.56891,30.110426],[117.568729,30.107413],[117.567629,30.106594],[117.565248,30.105776],[117.56145,30.105683],[117.560463,30.104924],[117.560319,30.103767],[117.564381,30.103489],[117.567991,30.102451],[117.569589,30.102375],[117.571073,30.101786],[117.571118,30.100563],[117.569905,30.097539],[117.568971,30.096644],[117.569928,30.090366],[117.568451,30.088226],[117.566401,30.0875],[117.566017,30.086959],[117.564027,30.086817],[117.562769,30.085136],[117.55995,30.083416],[117.557689,30.085889],[117.558948,30.087221],[117.559302,30.088679],[117.557252,30.089722],[117.556544,30.088897],[117.555105,30.08869],[117.554547,30.089285],[117.554894,30.090486],[117.556634,30.091933],[117.556386,30.092817],[117.552007,30.090688],[117.551111,30.091387],[117.55093,30.092544],[117.552136,30.094749],[117.554479,30.096103],[117.555587,30.098712],[117.555007,30.100645],[117.554276,30.101611],[117.552633,30.102408],[117.54937,30.102713],[117.545595,30.101584],[117.54457,30.103046],[117.544577,30.104804],[117.543952,30.106916],[117.542369,30.108385],[117.54105,30.110633],[117.538903,30.11065],[117.539212,30.109509],[117.539182,30.105961],[117.535391,30.104193],[117.533891,30.102102],[117.530726,30.101518],[117.528986,30.099569],[117.529166,30.097888],[117.528616,30.096796],[117.528187,30.093559],[117.530282,30.089241],[117.533703,30.087161],[117.535994,30.088073],[117.536197,30.086888],[117.535391,30.083798],[117.539106,30.085065],[117.54145,30.085562],[117.54408,30.086796],[117.544178,30.084525],[117.541834,30.082805],[117.540146,30.080736],[117.538812,30.079682],[117.535979,30.076553],[117.537674,30.071175],[117.538677,30.069368],[117.538797,30.06761],[117.539694,30.065295],[117.540674,30.061838],[117.541141,30.058387],[117.540802,30.054493],[117.54209,30.052866],[117.530915,30.047323],[117.524796,30.043762],[117.514434,30.038437],[117.51151,30.037104],[117.506235,30.03605],[117.499362,30.035023],[117.492791,30.034908],[117.487011,30.035689],[117.476777,30.037464],[117.465994,30.038327],[117.461774,30.03794],[117.45937,30.036143],[117.455602,30.032532],[117.451291,30.026638],[117.449144,30.024606],[117.446484,30.023044],[117.442241,30.021957],[117.436159,30.020902],[117.433251,30.020717],[117.427478,30.022181],[117.423288,30.024076],[117.419656,30.027108],[117.411532,30.030429],[117.400982,30.031713],[117.394087,30.029735],[117.390862,30.027026],[117.388933,30.022694],[117.387501,30.016057],[117.387177,30.012855],[117.386348,30.011025],[117.384464,30.009216],[117.380749,30.008572],[117.375775,30.011156],[117.370749,30.011216],[117.360402,30.009501],[117.355903,30.008861],[117.349799,30.008239],[117.346069,30.007135],[117.341276,30.005124],[117.334321,30.000611],[117.330063,29.998824],[117.326348,29.997945],[117.324223,29.997966],[117.317885,29.999179],[117.3142,29.999682],[117.309159,29.999048],[117.305948,29.996786],[117.300892,29.994781],[117.297681,29.992754],[117.292896,29.991661],[117.283077,29.988786],[117.279347,29.987223],[117.271103,29.984338],[117.267395,29.983234],[117.260161,29.985272],[117.24796,29.981753],[117.242414,29.981824],[117.23527,29.980993],[117.223876,29.977933],[117.218586,29.977086],[117.213846,29.97714],[117.209618,29.976058],[117.206159,29.974266],[117.204245,29.97062],[117.2031,29.965132],[117.203024,29.960322],[117.20319,29.953664],[117.203891,29.947924],[117.204803,29.939193],[117.205993,29.931615],[117.206227,29.927514],[117.212549,29.92758],[117.217041,29.92694],[117.222602,29.925157],[117.233476,29.921149],[117.237455,29.918672],[117.241713,29.917113],[117.246219,29.915101],[117.250485,29.912164],[117.253702,29.908992],[117.257244,29.901007],[117.258902,29.89621],[117.259761,29.892097],[117.260869,29.888213],[117.261457,29.884318],[117.261773,29.880653],[117.260786,29.875598],[117.259279,29.870767],[117.258812,29.866866],[117.256807,29.859507],[117.254479,29.856497],[117.252949,29.852809],[117.25114,29.85004],[117.249354,29.846122],[117.249415,29.841771],[117.250259,29.83857],[117.252949,29.8347],[117.257395,29.831269],[117.261457,29.829982],[117.265677,29.829802],[117.267779,29.830513],[117.271223,29.830097],[117.274953,29.827618],[117.278156,29.825133],[117.282391,29.823808],[117.286634,29.822719],[117.289279,29.822292],[117.292444,29.822785],[117.294727,29.829008],[117.295458,29.8336],[117.297259,29.836835],[117.299874,29.839161],[117.303024,29.840343],[117.306717,29.840162],[117.311208,29.840217],[117.316227,29.840972],[117.320696,29.842171],[117.325692,29.84384],[117.328299,29.846166],[117.330379,29.848716],[117.333266,29.850582],[117.336702,29.850166],[117.338593,29.847901],[117.342135,29.839462],[117.344607,29.833305],[117.345722,29.828729],[117.346287,29.825527],[117.34793,29.822341],[117.349807,29.820299],[117.352474,29.818039],[117.356235,29.813731],[117.359159,29.812619],[117.364682,29.813605],[117.370477,29.815504],[117.375979,29.818093],[117.37778,29.821553],[117.379573,29.825472],[117.381563,29.835127],[117.382278,29.840863],[117.384087,29.843632],[117.389852,29.845766],[117.395398,29.846281],[117.403273,29.848886],[117.414848,29.850609],[117.418805,29.850418],[117.420937,29.849066],[117.423349,29.846106],[117.423914,29.842444],[117.424811,29.834656],[117.422994,29.831887],[117.41842,29.819467],[117.415331,29.813703],[117.412233,29.809088],[117.41044,29.805628],[117.409159,29.802634],[117.409204,29.798965],[117.409777,29.795302],[117.411133,29.793025],[117.413567,29.788004],[117.415971,29.785047],[117.422934,29.776866],[117.424818,29.772983],[117.427222,29.77048],[117.434705,29.761147],[117.437086,29.759789],[117.440515,29.759822],[117.443153,29.758929],[117.445805,29.757116],[117.450304,29.754629],[117.452972,29.751896],[117.455112,29.749163],[117.455949,29.745503],[117.455986,29.742063],[117.457132,29.735193],[117.457245,29.725331],[117.455519,29.717754],[117.454532,29.712471],[117.454313,29.70903],[117.452783,29.704892],[117.452595,29.698924],[117.451849,29.695943],[117.452429,29.691585],[117.45405,29.68816],[117.460915,29.684548],[117.463582,29.681357],[117.469204,29.672916],[117.474238,29.66836],[117.481367,29.665202],[117.484539,29.663163],[117.486928,29.661343],[117.490086,29.660213],[117.493771,29.659555],[117.497433,29.659577],[117.501872,29.660526],[117.508074,29.663174],[117.510447,29.663497],[117.516529,29.663371],[117.518895,29.662927],[117.522339,29.660887],[117.526039,29.657932],[117.528428,29.655651],[117.530545,29.654061],[117.531887,29.651775],[117.532181,29.649022],[117.530892,29.646955],[117.529332,29.645568],[117.525489,29.643007],[117.525474,29.637436],[117.524276,29.634518],[117.52463,29.63074],[117.523477,29.629621],[117.524585,29.627712],[117.524464,29.625211],[117.526032,29.624416],[117.527373,29.622239],[117.526808,29.620834],[117.525029,29.619129],[117.523778,29.618564],[117.527486,29.616962],[117.527787,29.614093],[117.527102,29.612667],[117.528986,29.609541],[117.528202,29.607736],[117.526092,29.605975],[117.52573,29.604872],[117.529189,29.605267],[117.531555,29.604593],[117.532897,29.603375],[117.534509,29.600171],[117.534261,29.598558],[117.536318,29.597883],[117.538677,29.597746],[117.539204,29.597],[117.53983,29.593039],[117.54105,29.5913],[117.542482,29.588579],[117.543341,29.588551],[117.544351,29.590845],[117.544803,29.592715],[117.545979,29.594197],[117.547584,29.594312],[117.549076,29.593857],[117.554125,29.594356],[117.555489,29.593527],[117.556574,29.592024],[117.556748,29.590757],[117.557983,29.590109],[117.566959,29.590252],[117.571804,29.591207],[117.574057,29.591075],[117.586461,29.584749],[117.589619,29.584316],[117.593025,29.585034],[117.596695,29.586214],[117.603243,29.588793],[117.60873,29.591591],[117.615783,29.596468],[117.624125,29.603199],[117.6283,29.606222],[117.634329,29.609031],[117.638511,29.611823],[117.641917,29.613457],[117.647961,29.6149],[117.646258,29.617598],[117.646039,29.619897],[117.646107,29.623336],[117.648293,29.627208],[117.651043,29.63267],[117.654027,29.636761],[117.656469,29.640627],[117.661043,29.645157],[117.669883,29.652148],[117.675768,29.656425],[117.687855,29.667505],[117.694547,29.672225],[117.697479,29.674023],[117.707622,29.680535],[117.713801,29.68549],[117.718873,29.689092],[117.725286,29.693131],[117.731676,29.696474],[117.735444,29.700086],[117.739212,29.704158],[117.741397,29.707567],[117.742257,29.710761],[117.745301,29.718285],[117.749091,29.722816],[117.75518,29.724783],[117.760463,29.725616],[117.769182,29.727304],[117.778692,29.729441],[117.790606,29.733363],[117.794035,29.733988],[117.800094,29.734344],[117.803229,29.733599],[117.805309,29.732646],[117.807886,29.730301],[117.810177,29.727052],[117.813515,29.723775],[117.816062,29.719836],[117.819137,29.71611],[117.822988,29.712597],[117.827682,29.710674],[117.831872,29.710367],[117.836311,29.7096],[117.848135,29.709841],[117.854962,29.709715],[117.861315,29.71166],[117.871066,29.713545],[117.87775,29.718471],[117.879664,29.721644],[117.881586,29.725512],[117.882716,29.728931],[117.884646,29.732799],[117.892573,29.745958],[117.895271,29.749124],[117.898278,29.754114],[117.901036,29.76003],[117.902197,29.764138],[117.902031,29.768727],[117.902099,29.771942],[117.905068,29.774872],[117.908512,29.776186],[117.912249,29.778415],[117.918647,29.78129],[117.921503,29.779866],[117.925143,29.777287],[117.93078,29.77054],[117.933334,29.766832],[117.934035,29.763377],[117.937396,29.760342],[117.94029,29.760068],[117.945399,29.764116],[117.949182,29.768185],[117.952212,29.773645],[117.955558,29.781164],[117.956153,29.784132],[117.956598,29.791694],[117.954224,29.791733],[117.949499,29.793413],[117.941285,29.791935],[117.932016,29.790019],[117.923304,29.789241],[117.919092,29.789082],[117.915429,29.790522],[117.910742,29.792893],[117.90662,29.796863],[117.90457,29.79942],[117.902551,29.803356],[117.902212,29.811388],[117.904156,29.815712],[117.904729,29.817765],[117.90662,29.820256],[117.909054,29.822511],[117.911986,29.824295],[117.91494,29.82654],[117.918677,29.828997],[117.921873,29.830552],[117.925625,29.833009],[117.929943,29.83707],[117.933199,29.840918],[117.933809,29.844573],[117.932543,29.846888],[117.930275,29.851742],[117.928301,29.85728],[117.92503,29.864218],[117.92194,29.867479],[117.918579,29.87051],[117.913628,29.873349],[117.909966,29.874323],[117.905497,29.87463],[117.901247,29.873333],[117.897517,29.87156],[117.893809,29.870477],[117.888798,29.869875],[117.875143,29.87173],[117.868873,29.873678],[117.863915,29.875833],[117.859016,29.880051],[117.854751,29.889072],[117.854322,29.893667],[117.855173,29.896407],[117.857057,29.898661],[117.860056,29.902965],[117.862249,29.906826],[117.863425,29.912536],[117.864344,29.918021],[117.865497,29.923047],[117.865874,29.927853],[117.864638,29.931549],[117.861556,29.934814],[117.856876,29.937427],[117.85249,29.941637],[117.847313,29.945169],[117.840554,29.949192],[117.839295,29.95174],[117.837004,29.954993],[117.834178,29.958251],[117.829476,29.959945],[117.82448,29.960268],[117.818685,29.960147],[117.811865,29.960956],[117.808225,29.963777],[117.806974,29.966318],[117.807863,29.971123],[117.80769,29.975249],[117.805942,29.979408],[117.802573,29.982223],[117.798406,29.983901],[117.794201,29.984666],[117.789182,29.984059],[117.783907,29.984152],[117.77925,29.987906],[117.777999,29.991136],[117.777856,29.99618],[117.782453,30.001835],[117.783372,30.008015],[117.783749,30.013052],[117.783568,30.016953],[117.781827,30.021339],[117.779792,30.025502],[117.775399,30.029479],[117.769905,30.031401],[117.764419,30.034012],[117.759951,30.035006],[117.75414,30.035099],[117.747803,30.034968],[117.737192,30.032838],[117.734073,30.035181],[117.733862,30.037705],[117.737456,30.045215],[117.738715,30.054826],[117.73882,30.059414],[117.738692,30.066065],[117.738263,30.071121],[117.736801,30.076412],[117.734238,30.080353],[117.730297,30.081784],[117.724758,30.082095],[117.719453,30.081484],[117.718195,30.081101],[117.716326,30.079873],[117.713598,30.078797],[117.708941,30.0774],[117.707569,30.077443],[117.704374,30.079081],[117.703673,30.078197],[117.701201,30.078033],[117.699822,30.076657],[117.693643,30.074244],[117.692588,30.076985],[117.693063,30.078137],[117.692874,30.081424],[117.691111,30.083225],[117.683786,30.082084],[117.682091,30.081129],[117.680033,30.080665],[117.675851,30.080512],[117.673628,30.076624],[117.669898,30.071771],[117.668232,30.070433],[117.664457,30.066501],[117.663417,30.0666],[117.662369,30.071984],[117.661284,30.07348],[117.658556,30.07372],[117.655429,30.075756],[117.653975,30.075172],[117.652822,30.075303],[117.650237,30.07675],[117.64928,30.078912],[117.650011,30.080097],[117.649905,30.081096],[117.6505,30.084],[117.651412,30.085267],[117.654133,30.088084],[117.657275,30.088903],[117.658262,30.090595],[117.659958,30.091649],[117.661171,30.092964],[117.66154,30.094662],[117.661729,30.099018],[117.662731,30.100312],[117.662452,30.102053],[117.661653,30.103227],[117.662,30.103996],[117.662023,30.108548],[117.661744,30.109056]]]]}},{"type":"Feature","properties":{"adcode":341003,"name":"黄山区","center":[118.136639,30.294517],"centroid":[118.095868,30.252547],"childrenNum":0,"level":"district","acroutes":[100000,340000,341000],"parent":{"adcode":341000},"cityId":"huangShanQu"},"geometry":{"type":"MultiPolygon","coordinates":[[[[118.300285,30.370154],[118.296568,30.371457],[118.294829,30.371619],[118.29067,30.36872],[118.28787,30.369023],[118.285433,30.370566],[118.282633,30.371895],[118.280378,30.372365],[118.280911,30.375044],[118.280628,30.376785],[118.279285,30.379335],[118.278154,30.380315],[118.273077,30.378751],[118.269136,30.377901],[118.265697,30.376379],[118.264278,30.376858],[118.263025,30.378792],[118.262028,30.379288],[118.259505,30.378626],[118.25589,30.378454],[118.254967,30.378975],[118.254749,30.380403],[118.255399,30.382754],[118.254796,30.384042],[118.252146,30.384714],[118.251517,30.385481],[118.254722,30.387425],[118.256716,30.38988],[118.256183,30.390761],[118.25469,30.391047],[118.25013,30.390558],[118.248749,30.390094],[118.24893,30.391725],[118.250408,30.394154],[118.250317,30.3948],[118.248275,30.396406],[118.245944,30.399142],[118.243912,30.40021],[118.240851,30.399564],[118.23778,30.400471],[118.235412,30.402717],[118.233332,30.405036],[118.230436,30.406642],[118.227098,30.409138],[118.222965,30.411879],[118.22144,30.41437],[118.221867,30.416606],[118.221632,30.419743],[118.22296,30.423948],[118.220475,30.425089],[118.218294,30.42834],[118.218982,30.430653],[118.217723,30.433034],[118.215675,30.434306],[118.215201,30.437692],[118.215409,30.438302],[118.218486,30.438573],[118.222581,30.439286],[118.224138,30.438932],[118.227381,30.43937],[118.228933,30.440938],[118.23113,30.441699],[118.231018,30.443579],[118.231594,30.445673],[118.230495,30.447528],[118.228378,30.449044],[118.227791,30.45081],[118.226778,30.452185],[118.225925,30.452518],[118.225221,30.455008],[118.22441,30.455566],[118.222176,30.456003],[118.221472,30.45667],[118.215686,30.459946],[118.214294,30.460472],[118.213894,30.461248],[118.213468,30.464655],[118.213713,30.466806],[118.212454,30.469087],[118.210972,30.469499],[118.208508,30.470972],[118.207116,30.468806],[118.206284,30.468582],[118.200456,30.468832],[118.199523,30.468233],[118.196552,30.468639],[118.194702,30.465822],[118.193251,30.464571],[118.189177,30.46629],[118.186143,30.464509],[118.185615,30.46504],[118.186948,30.467332],[118.187236,30.469957],[118.188046,30.474498],[118.185167,30.474253],[118.184836,30.473733],[118.184249,30.468243],[118.18225,30.465457],[118.178698,30.462207],[118.177418,30.461821],[118.172043,30.460847],[118.170603,30.459498],[118.169494,30.457675],[118.168902,30.455034],[118.169238,30.454191],[118.168635,30.453039],[118.172251,30.454086],[118.173264,30.45394],[118.174027,30.4523],[118.174997,30.452602],[118.176378,30.451966],[118.177296,30.452305],[118.180799,30.450945],[118.182116,30.451659],[118.18249,30.449174],[118.181124,30.447835],[118.177605,30.447372],[118.172272,30.447653],[118.169824,30.448492],[118.168305,30.448341],[118.16326,30.446767],[118.16238,30.446132],[118.162966,30.444559],[118.160433,30.438948],[118.157799,30.434311],[118.156855,30.433712],[118.153917,30.433529],[118.149512,30.434228],[118.146456,30.433806],[118.144456,30.434311],[118.142878,30.433821],[118.141459,30.432414],[118.138889,30.430513],[118.137908,30.428997],[118.132484,30.429617],[118.131253,30.430148],[118.130154,30.42958],[118.125008,30.423656],[118.123723,30.423442],[118.119926,30.423994],[118.112316,30.426866],[118.110338,30.428684],[118.10757,30.429283],[118.107666,30.430669],[118.108786,30.43243],[118.107458,30.434624],[118.107554,30.438521],[118.110194,30.448565],[118.109762,30.452701],[118.105415,30.458519],[118.103453,30.465202],[118.105693,30.469978],[118.110332,30.475623],[118.114689,30.480128],[118.118219,30.483273],[118.119926,30.488059],[118.121115,30.493084],[118.130767,30.498155],[118.127365,30.504127],[118.117569,30.50925],[118.108594,30.511899],[118.100707,30.514794],[118.095187,30.516501],[118.08963,30.517287],[118.081914,30.516272],[118.075232,30.515013],[118.069078,30.51305],[118.059132,30.508396],[118.053704,30.503669],[118.041908,30.499951],[118.034964,30.498457],[118.016918,30.50056],[118.007858,30.499545],[117.999064,30.498983],[117.985743,30.498717],[117.981296,30.501539],[117.978981,30.505241],[117.974555,30.509432],[117.973547,30.511514],[117.970113,30.512253],[117.963628,30.508448],[117.959815,30.504377],[117.956504,30.499384],[117.951485,30.489142],[117.948307,30.478409],[117.946841,30.472467],[117.945913,30.466749],[117.946307,30.461009],[117.945902,30.45505],[117.944995,30.450247],[117.944057,30.444298],[117.94315,30.439729],[117.942004,30.435843],[117.94058,30.431737],[117.93857,30.42512],[117.938761,30.421905],[117.939455,30.417768],[117.94122,30.413609],[117.944052,30.410128],[117.946654,30.407793],[117.948979,30.405235],[117.952931,30.403567],[117.953843,30.397589],[117.953197,30.392554],[117.950995,30.389609],[117.944233,30.383521],[117.941513,30.38081],[117.93826,30.37811],[117.935583,30.376775],[117.93265,30.376129],[117.928645,30.37482],[117.921121,30.370587],[117.918145,30.368116],[117.916588,30.366531],[117.923883,30.35896],[117.928112,30.357297],[117.930874,30.352583],[117.932325,30.35069],[117.934634,30.344266],[117.936858,30.342404],[117.938218,30.34036],[117.939263,30.339661],[117.939423,30.336819],[117.940681,30.335327],[117.940121,30.334706],[117.935802,30.336031],[117.934682,30.334925],[117.932341,30.334096],[117.930373,30.331697],[117.927296,30.331953],[117.92535,30.330805],[117.926875,30.328547],[117.932053,30.326335],[117.932085,30.324781],[117.929605,30.324479],[117.928821,30.323769],[117.929488,30.321766],[117.928496,30.319753],[117.926939,30.319638],[117.92335,30.320019],[117.920342,30.320019],[117.919116,30.318532],[117.918428,30.316435],[117.91694,30.315267],[117.914833,30.313029],[117.913164,30.310801],[117.907672,30.309795],[117.906882,30.309278],[117.906674,30.307275],[117.908445,30.303654],[117.912268,30.300383],[117.91293,30.299288],[117.91173,30.298093],[117.908487,30.296095],[117.90564,30.2949],[117.902195,30.294227],[117.898099,30.294644],[117.891695,30.295703],[117.888591,30.29514],[117.886394,30.293251],[117.887044,30.290105],[117.888095,30.286771],[117.888191,30.279935],[117.889306,30.275651],[117.892201,30.272092],[117.891476,30.270662],[117.888516,30.269597],[117.882789,30.268454],[117.879045,30.267384],[117.876272,30.266941],[117.871052,30.267248],[117.863191,30.266413],[117.84723,30.262541],[117.843001,30.260385],[117.840047,30.257139],[117.836319,30.252566],[117.830299,30.247435],[117.824939,30.24162],[117.824134,30.237157],[117.824913,30.231252],[117.826736,30.227284],[117.829312,30.225206],[117.838404,30.222997],[117.84202,30.221828],[117.848739,30.219337],[117.852296,30.21869],[117.85836,30.217337],[117.860594,30.214643],[117.861298,30.209082],[117.858264,30.204862],[117.856066,30.199875],[117.854728,30.195702],[117.852877,30.191753],[117.854195,30.186447],[117.856029,30.182304],[117.856029,30.179087],[117.856408,30.175874],[117.85764,30.171726],[117.857021,30.167605],[117.855352,30.163739],[117.854205,30.159862],[117.851176,30.153958],[117.850014,30.149391],[117.84971,30.147332],[117.848222,30.140022],[117.845972,30.133416],[117.846617,30.126983],[117.849171,30.123262],[117.852264,30.119995],[117.857693,30.115312],[117.861565,30.111574],[117.86806,30.1071],[117.873067,30.107236],[117.876272,30.108783],[117.87792,30.111736],[117.878501,30.113785],[117.878821,30.116535],[117.880528,30.121777],[117.88112,30.124746],[117.879275,30.136244],[117.877291,30.142243],[117.87687,30.146836],[117.87696,30.150964],[117.876523,30.154867],[117.876859,30.158075],[117.877963,30.160118],[117.880107,30.161685],[117.885429,30.163655],[117.890772,30.166309],[117.896654,30.169423],[117.900926,30.171413],[117.904381,30.17204],[117.9078,30.171523],[117.909895,30.170796],[117.91245,30.166628],[117.912658,30.164334],[117.914375,30.158571],[117.914263,30.153529],[117.913628,30.148722],[117.913244,30.143685],[117.913938,30.139316],[117.9159,30.132862],[117.919729,30.126837],[117.924358,30.121485],[117.927179,30.117314],[117.930261,30.113367],[117.933311,30.108501],[117.936879,30.102478],[117.942564,30.09643],[117.94458,30.092268],[117.94579,30.087207],[117.946707,30.081456],[117.947363,30.075254],[117.947219,30.069523],[117.948776,30.056888],[117.950227,30.051134],[117.952541,30.047891],[117.956797,30.048744],[117.961084,30.051197],[117.962754,30.054613],[117.965233,30.058472],[117.96847,30.061406],[117.973067,30.065235],[117.977616,30.067692],[117.989689,30.071034],[117.991524,30.07061],[117.993529,30.071264],[117.995806,30.071086],[117.996787,30.07151],[118.000216,30.071395],[118.004018,30.072232],[118.005981,30.073455],[118.008114,30.074135],[118.011474,30.07254],[118.014199,30.070004],[118.016748,30.068801],[118.018156,30.068869],[118.01951,30.06991],[118.01831,30.071782],[118.018353,30.074857],[118.019094,30.076054],[118.022123,30.078318],[118.022352,30.079615],[118.023211,30.080143],[118.025019,30.082653],[118.027536,30.083981],[118.02937,30.084201],[118.033258,30.086731],[118.033333,30.085712],[118.032053,30.081644],[118.033002,30.080075],[118.03329,30.07847],[118.034186,30.076906],[118.034516,30.074444],[118.034154,30.073408],[118.034724,30.071092],[118.036378,30.069758],[118.038623,30.070684],[118.039982,30.072268],[118.047683,30.072838],[118.052472,30.074595],[118.058162,30.079552],[118.0651,30.082188],[118.07255,30.083673],[118.079967,30.084232],[118.08393,30.084164],[118.0857,30.080922],[118.086447,30.078883],[118.088708,30.074025],[118.090318,30.064597],[118.092526,30.057217],[118.096094,30.052337],[118.09852,30.043581],[118.101048,30.038947],[118.104813,30.031309],[118.104759,30.029018],[118.107239,30.022546],[118.108668,30.016555],[118.108108,30.009565],[118.10918,30.008309],[118.10989,30.004986],[118.110753,30.004018],[118.115484,30.002794],[118.117873,30.003306],[118.119862,30.002453],[118.122939,30.002239],[118.125371,30.00361],[118.130058,30.00495],[118.130725,30.004594],[118.133866,30.000177],[118.135007,29.99823],[118.138036,29.996524],[118.141033,29.995457],[118.143667,29.995342],[118.146691,29.996085],[118.148035,29.997723],[118.146702,30.002998],[118.146024,30.004547],[118.144456,30.006294],[118.143859,30.008471],[118.143982,30.010569],[118.146414,30.010439],[118.148173,30.011553],[118.149549,30.013541],[118.15261,30.016854],[118.155527,30.021845],[118.15589,30.023639],[118.155506,30.02512],[118.156071,30.026564],[118.157298,30.026449],[118.164012,30.023755],[118.165153,30.022761],[118.16559,30.023383],[118.169019,30.024534],[118.172613,30.023258],[118.173195,30.019396],[118.171723,30.017581],[118.171435,30.016126],[118.170032,30.015373],[118.169222,30.013882],[118.169302,30.011919],[118.168715,30.008115],[118.168747,30.006703],[118.170779,30.005954],[118.175184,30.00676],[118.176298,30.006143],[118.178165,30.006122],[118.178394,30.007137],[118.179727,30.005598],[118.181812,30.00519],[118.185583,30.005175],[118.186681,30.004107],[118.189236,30.00293],[118.190526,30.004081],[118.191918,30.0044],[118.193219,30.003683],[118.19451,30.002249],[118.195438,30.002045],[118.195459,30.004117],[118.196142,30.005295],[118.19604,30.007053],[118.196611,30.009549],[118.199272,30.012207],[118.200237,30.014656],[118.199011,30.016388],[118.198621,30.01802],[118.20013,30.01959],[118.202941,30.020919],[118.204226,30.023315],[118.203655,30.02512],[118.209313,30.026119],[118.210017,30.02579],[118.212972,30.026423],[118.214876,30.02726],[118.216673,30.029614],[118.217243,30.032188],[118.216593,30.034458],[118.213628,30.038335],[118.213201,30.039956],[118.213745,30.042682],[118.211628,30.044952],[118.210524,30.047687],[118.208642,30.050481],[118.208961,30.052651],[118.207692,30.055094],[118.20805,30.05796],[118.212028,30.058023],[118.211175,30.062478],[118.211841,30.064827],[118.211815,30.066777],[118.213089,30.067384],[118.214502,30.067321],[118.215387,30.066212],[118.218112,30.064204],[118.219222,30.064152],[118.220939,30.065867],[118.222411,30.066798],[118.22433,30.067185],[118.225829,30.067044],[118.226848,30.067891],[118.230575,30.068953],[118.23273,30.067619],[118.234719,30.066908],[118.237353,30.068006],[118.240659,30.0681],[118.241822,30.070584],[118.2446,30.073073],[118.246275,30.075709],[118.2466,30.077414],[118.248786,30.079134],[118.249906,30.080666],[118.251618,30.081016],[118.255868,30.08075],[118.257762,30.081623],[118.260903,30.079793],[118.265883,30.079662],[118.267504,30.078826],[118.269611,30.077142],[118.272533,30.076425],[118.273232,30.075055],[118.279061,30.076101],[118.281119,30.075207],[118.281743,30.074407],[118.284137,30.073581],[118.286046,30.073675],[118.288915,30.074512],[118.291262,30.073753],[118.295208,30.071766],[118.297565,30.071771],[118.298626,30.071076],[118.299586,30.071552],[118.303549,30.076211],[118.30446,30.076985],[118.305111,30.079939],[118.306215,30.080797],[118.308167,30.083396],[118.309596,30.084101],[118.312886,30.088791],[118.314534,30.090627],[118.318603,30.094224],[118.326373,30.097983],[118.332559,30.101537],[118.339273,30.105082],[118.346483,30.107246],[118.351298,30.108987],[118.355079,30.111898],[118.356812,30.117141],[118.357404,30.119425],[118.35694,30.121955],[118.351239,30.126188],[118.347485,30.134284],[118.345597,30.142577],[118.344936,30.147635],[118.344013,30.152469],[118.342035,30.157553],[118.340579,30.162396],[118.339347,30.165854],[118.33626,30.169125],[118.33314,30.171241],[118.326623,30.175263],[118.323285,30.178993],[118.320709,30.182247],[118.315062,30.188541],[118.311478,30.193195],[118.305436,30.195143],[118.295395,30.19624],[118.290729,30.19954],[118.289539,30.204836],[118.289673,30.209651],[118.290051,30.214001],[118.289923,30.21905],[118.289289,30.225253],[118.288606,30.229164],[118.28658,30.23287],[118.280036,30.235742],[118.275056,30.237444],[118.271899,30.238195],[118.269307,30.24031],[118.267803,30.243317],[118.266875,30.24815],[118.266443,30.25183],[118.266662,30.259853],[118.268672,30.266006],[118.271419,30.269853],[118.279807,30.276345],[118.283849,30.278787],[118.287625,30.281474],[118.292451,30.283676],[118.298306,30.284485],[118.30493,30.28436],[118.310268,30.285644],[118.314033,30.287866],[118.319461,30.292354],[118.320528,30.293788],[118.315739,30.293862],[118.313958,30.293637],[118.312097,30.292928],[118.311377,30.293246],[118.31038,30.295098],[118.308369,30.295562],[118.305474,30.297712],[118.302535,30.298834],[118.299821,30.298427],[118.296797,30.298995],[118.296205,30.300994],[118.29492,30.302115],[118.298696,30.303905],[118.30021,30.30692],[118.300877,30.308861],[118.30229,30.309643],[118.303741,30.309852],[118.307633,30.30932],[118.309767,30.310452],[118.310433,30.31198],[118.310566,30.313931],[118.310108,30.315444],[118.310225,30.320561],[118.308951,30.3215],[118.306375,30.321985],[118.304316,30.324468],[118.303458,30.327165],[118.302247,30.328536],[118.302039,30.329694],[118.302589,30.331014],[118.302589,30.334618],[118.301815,30.336699],[118.299757,30.340793],[118.300456,30.341627],[118.300002,30.343087],[118.301085,30.343577],[118.304306,30.350096],[118.305548,30.351389],[118.301298,30.355341],[118.299186,30.355899],[118.297842,30.354903],[118.295181,30.35726],[118.295144,30.358314],[118.296344,30.359654],[118.298104,30.362339],[118.297816,30.364967],[118.299128,30.366619],[118.298573,30.369143],[118.300285,30.370154]]]]}},{"type":"Feature","properties":{"adcode":341002,"name":"屯溪区","center":[118.317354,29.709186],"centroid":[118.296095,29.739252],"childrenNum":0,"level":"district","acroutes":[100000,340000,341000],"parent":{"adcode":341000},"cityId":"tunXiQu"},"geometry":{"type":"MultiPolygon","coordinates":[[[[118.232233,29.824106],[118.23996,29.822619],[118.239874,29.822091],[118.23996,29.821645],[118.239275,29.821608],[118.238371,29.821718],[118.237942,29.821608],[118.238672,29.820452],[118.239146,29.819858],[118.238672,29.819263],[118.2376,29.818628],[118.238502,29.817997],[118.239874,29.815686],[118.239617,29.8155],[118.240089,29.814459],[118.240733,29.81323],[118.24112,29.81267],[118.240948,29.811739],[118.240431,29.810661],[118.240948,29.809803],[118.240948,29.809318],[118.241592,29.80731],[118.24185,29.806899],[118.24129,29.806489],[118.24086,29.805929],[118.240903,29.805373],[118.24086,29.804663],[118.241204,29.804775],[118.241333,29.805558],[118.241977,29.805373],[118.24292,29.804702],[118.242877,29.804442],[118.242319,29.803957],[118.241891,29.803475],[118.241676,29.803101],[118.24142,29.803213],[118.241077,29.802766],[118.240046,29.801164],[118.239402,29.800681],[118.239187,29.801016],[118.239704,29.801537],[118.239531,29.801984],[118.239103,29.802207],[118.238588,29.802355],[118.238158,29.802691],[118.238201,29.803176],[118.237258,29.804107],[118.237126,29.803809],[118.237342,29.803399],[118.237514,29.802466],[118.236956,29.802395],[118.23687,29.801911],[118.237042,29.801499],[118.2367,29.801164],[118.236356,29.801016],[118.236313,29.799525],[118.235712,29.799339],[118.235884,29.799898],[118.235497,29.800681],[118.235238,29.801016],[118.235367,29.801424],[118.235195,29.801797],[118.234769,29.801833],[118.234252,29.801612],[118.233436,29.801797],[118.233266,29.801424],[118.232836,29.801164],[118.232879,29.800418],[118.233008,29.799673],[118.233266,29.799004],[118.233651,29.798819],[118.23324,29.798523],[118.233613,29.797879],[118.234256,29.797021],[118.234173,29.796539],[118.234558,29.79635],[118.234986,29.795532],[118.23563,29.795011],[118.236317,29.794788],[118.23709,29.794453],[118.237133,29.793894],[118.236918,29.793484],[118.237731,29.793373],[118.23799,29.793186],[118.237777,29.792778],[118.237904,29.792516],[118.237432,29.792218],[118.237949,29.791584],[118.23855,29.790243],[118.239236,29.789983],[118.239579,29.78961],[118.240093,29.789498],[118.240565,29.789647],[118.240866,29.789016],[118.24095,29.788531],[118.241424,29.788269],[118.242259,29.788251],[118.242914,29.788128],[118.242442,29.787441],[118.242089,29.786815],[118.241788,29.786426],[118.242507,29.786303],[118.242614,29.785513],[118.242518,29.785206],[118.242068,29.785188],[118.241338,29.785365],[118.241338,29.784926],[118.241734,29.784731],[118.241176,29.783902],[118.2399,29.783485],[118.238623,29.783017],[118.238367,29.783147],[118.237368,29.783213],[118.237325,29.783121],[118.237917,29.782823],[118.237721,29.782227],[118.237228,29.782022],[118.236188,29.782256],[118.234922,29.782198],[118.234384,29.782505],[118.234719,29.780996],[118.234256,29.779945],[118.234018,29.779553],[118.233826,29.779005],[118.233578,29.778595],[118.23346,29.778158],[118.234558,29.777935],[118.234491,29.777423],[118.234192,29.777293],[118.233161,29.776622],[118.233677,29.776388],[118.233815,29.775812],[118.233645,29.775459],[118.233591,29.774649],[118.233417,29.774192],[118.233791,29.774214],[118.234306,29.774419],[118.234715,29.774046],[118.235423,29.773636],[118.236366,29.773318],[118.23628,29.772722],[118.236388,29.772127],[118.236903,29.771085],[118.237269,29.770937],[118.237568,29.770619],[118.237889,29.770471],[118.23802,29.77088],[118.238705,29.770917],[118.239284,29.770284],[118.240765,29.770562],[118.241816,29.770266],[118.242825,29.770731],[118.243469,29.77088],[118.244455,29.769427],[118.244776,29.768831],[118.245228,29.768739],[118.245571,29.768441],[118.245077,29.768104],[118.245037,29.767882],[118.246365,29.767711],[118.247246,29.767527],[118.24776,29.767097],[118.247978,29.766669],[118.247569,29.76557],[118.248684,29.76501],[118.248425,29.764155],[118.248318,29.763577],[118.247954,29.763167],[118.24787,29.762851],[118.248083,29.762608],[118.248684,29.763037],[118.249562,29.763838],[118.250914,29.764528],[118.251539,29.765049],[118.252159,29.766166],[118.252869,29.765684],[118.252589,29.764956],[118.252975,29.764639],[118.253683,29.764528],[118.254971,29.764584],[118.255464,29.764509],[118.25583,29.76501],[118.256316,29.765513],[118.256661,29.764027],[118.257091,29.762539],[118.257664,29.761561],[118.258538,29.759425],[118.258284,29.756928],[118.256816,29.754811],[118.254897,29.748127],[118.254652,29.746328],[118.253655,29.744157],[118.251875,29.741637],[118.251614,29.740946],[118.251358,29.740705],[118.250944,29.740534],[118.247975,29.741023],[118.23932,29.741603],[118.226781,29.739954],[118.226411,29.739731],[118.219461,29.740038],[118.215553,29.739695],[118.209163,29.737702],[118.207182,29.736344],[118.205576,29.734097],[118.205187,29.732771],[118.206816,29.730544],[118.206808,29.72998],[118.2045,29.7279],[118.203025,29.726976],[118.202607,29.726926],[118.201705,29.727933],[118.2005,29.728445],[118.19685,29.726924],[118.192193,29.723569],[118.191928,29.723253],[118.191827,29.722835],[118.191911,29.722391],[118.193515,29.720738],[118.194245,29.719646],[118.195024,29.718741],[118.196751,29.716333],[118.196501,29.713371],[118.19637,29.71288],[118.195106,29.711176],[118.194396,29.709544],[118.194689,29.708207],[118.199546,29.70358],[118.202579,29.699501],[118.203776,29.698301],[118.204743,29.697139],[118.205923,29.696239],[118.209605,29.695332],[118.212696,29.694059],[118.21387,29.693825],[118.221636,29.696876],[118.227403,29.698808],[118.23529,29.69997],[118.237256,29.7001],[118.238961,29.700943],[118.241721,29.703621],[118.242251,29.703978],[118.243581,29.703885],[118.245323,29.703326],[118.246989,29.702391],[118.247881,29.701495],[118.253237,29.696883],[118.25355,29.693854],[118.253692,29.69315],[118.253425,29.690402],[118.253371,29.685989],[118.253136,29.681826],[118.252772,29.679025],[118.252632,29.678482],[118.251539,29.676048],[118.250217,29.674834],[118.249943,29.673721],[118.249797,29.67243],[118.249909,29.671346],[118.24984,29.670664],[118.250016,29.669955],[118.250404,29.669743],[118.251422,29.669689],[118.253052,29.669069],[118.254086,29.668305],[118.25494,29.667366],[118.257341,29.66538],[118.263884,29.662331],[118.268317,29.66062],[118.268941,29.659959],[118.27008,29.658075],[118.270171,29.657804],[118.271779,29.656355],[118.273618,29.656212],[118.27573,29.656237],[118.278895,29.656516],[118.280298,29.656802],[118.282779,29.656716],[118.283431,29.656779],[118.283928,29.656979],[118.284191,29.657227],[118.284219,29.657498],[118.283661,29.658593],[118.283302,29.659074],[118.283263,29.660025],[118.282701,29.660802],[118.282527,29.661394],[118.282755,29.66199],[118.287001,29.665714],[118.288004,29.666128],[118.29344,29.670189],[118.293824,29.670748],[118.293305,29.671873],[118.29219,29.672794],[118.289184,29.674875],[118.287911,29.675959],[118.285877,29.677836],[118.285044,29.678975],[118.279689,29.684192],[118.280768,29.686442],[118.282658,29.688961],[118.28386,29.690397],[118.286099,29.692761],[118.290077,29.696217],[118.291365,29.697844],[118.291442,29.698633],[118.291983,29.699179],[118.292396,29.699452],[118.292932,29.699502],[118.29315,29.699115],[118.293225,29.698199],[118.293729,29.697028],[118.294011,29.694957],[118.294375,29.693882],[118.295441,29.692729],[118.298687,29.688806],[118.301661,29.686067],[118.304089,29.684755],[118.30537,29.684883],[118.306593,29.685365],[118.307667,29.686617],[118.309099,29.687262],[118.310875,29.688345],[118.311795,29.688563],[118.312869,29.688692],[118.314226,29.688708],[118.315829,29.688612],[118.317145,29.688388],[118.318232,29.68804],[118.319485,29.687812],[118.320601,29.687365],[118.321765,29.687053],[118.321546,29.684801],[118.321858,29.684162],[118.324058,29.683175],[118.327088,29.681457],[118.327841,29.680302],[118.32777,29.679373],[118.32735,29.678655],[118.32563,29.676953],[118.322327,29.672544],[118.319985,29.668512],[118.319847,29.6684],[118.319763,29.667828],[118.320043,29.666508],[118.32113,29.665367],[118.323365,29.664112],[118.324928,29.663104],[118.327398,29.661322],[118.329893,29.66005],[118.333346,29.659688],[118.336983,29.659795],[118.339741,29.660458],[118.343427,29.660635],[118.348292,29.663167],[118.351281,29.665337],[118.353214,29.667251],[118.354988,29.67083],[118.356786,29.673303],[118.35752,29.67525],[118.357501,29.676953],[118.357352,29.677918],[118.356168,29.678425],[118.35433,29.678914],[118.353335,29.679609],[118.353395,29.680744],[118.353656,29.681755],[118.354816,29.683357],[118.355072,29.684276],[118.355484,29.685017],[118.355837,29.685507],[118.356405,29.685828],[118.357826,29.685908],[118.359658,29.685715],[118.361189,29.68568],[118.362343,29.68538],[118.360814,29.687615],[118.359576,29.688213],[118.357292,29.688647],[118.355718,29.688795],[118.354672,29.689158],[118.352732,29.690392],[118.351255,29.691856],[118.349896,29.692679],[118.348284,29.693973],[118.347128,29.695255],[118.346633,29.69618],[118.347427,29.696571],[118.350476,29.697663],[118.351815,29.698501],[118.35222,29.699001],[118.351653,29.699818],[118.348529,29.701252],[118.348368,29.702634],[118.348131,29.703664],[118.34995,29.708105],[118.352426,29.709899],[118.355895,29.711738],[118.358991,29.711911],[118.361137,29.711124],[118.363041,29.710919],[118.368238,29.711424],[118.369306,29.715854],[118.371913,29.723137],[118.372591,29.731922],[118.376744,29.735223],[118.382437,29.734538],[118.38844,29.727285],[118.390401,29.725261],[118.391411,29.724417],[118.392253,29.723967],[118.393129,29.72381],[118.394345,29.723836],[118.396003,29.724236],[118.397036,29.724631],[118.397489,29.725134],[118.397861,29.726059],[118.398122,29.727251],[118.398173,29.729284],[118.401327,29.737947],[118.403515,29.744344],[118.405218,29.747652],[118.405468,29.747701],[118.406813,29.748859],[118.407125,29.750135],[118.40666,29.750764],[118.406002,29.751344],[118.404374,29.752101],[118.403157,29.752577],[118.40021,29.753562],[118.39861,29.754797],[118.397263,29.756257],[118.395941,29.75901],[118.395689,29.760694],[118.395605,29.762716],[118.395997,29.764205],[118.396729,29.765834],[118.39562,29.766444],[118.395377,29.766994],[118.395389,29.767977],[118.395256,29.7684],[118.395077,29.768507],[118.393342,29.768104],[118.392591,29.768114],[118.391548,29.768307],[118.390629,29.768352],[118.389856,29.769781],[118.388857,29.770607],[118.388663,29.771527],[118.387819,29.77142],[118.386571,29.771738],[118.385686,29.772127],[118.384812,29.77418],[118.384317,29.774656],[118.382265,29.775457],[118.381425,29.775957],[118.380951,29.77677],[118.378897,29.776858],[118.378092,29.777056],[118.377705,29.777243],[118.376887,29.777878],[118.375448,29.778294],[118.375214,29.778788],[118.374516,29.780937],[118.373859,29.781619],[118.373153,29.782025],[118.371685,29.78252],[118.371002,29.782632],[118.370753,29.782247],[118.370503,29.781583],[118.368733,29.778963],[118.367594,29.778272],[118.365889,29.77748],[118.364106,29.776863],[118.362621,29.776875],[118.362147,29.776733],[118.36166,29.776708],[118.360924,29.777275],[118.360597,29.777741],[118.360418,29.778615],[118.360496,29.781285],[118.360343,29.781988],[118.359908,29.782659],[118.359273,29.783365],[118.358676,29.783932],[118.358274,29.784146],[118.355378,29.781697],[118.353186,29.779013],[118.352467,29.777971],[118.351623,29.777077],[118.350859,29.775896],[118.35056,29.775206],[118.350344,29.774153],[118.349881,29.772788],[118.350318,29.769777],[118.350082,29.76754],[118.348452,29.766173],[118.345461,29.76407],[118.33995,29.760703],[118.337372,29.760526],[118.335271,29.76056],[118.333826,29.760698],[118.332864,29.761743],[118.33272,29.763811],[118.332169,29.765602],[118.329464,29.767888],[118.327835,29.768487],[118.326252,29.768509],[118.32493,29.768368],[118.323761,29.768728],[118.322538,29.769893],[118.321324,29.771238],[118.320222,29.772176],[118.317791,29.772159],[118.31595,29.772309],[118.31524,29.773011],[118.315209,29.774092],[118.314973,29.775186],[118.31342,29.776479],[118.310929,29.77687],[118.30883,29.777013],[118.306994,29.777453],[118.305198,29.779262],[118.304574,29.780475],[118.30387,29.781519],[118.303082,29.781706],[118.301831,29.781499],[118.300569,29.780943],[118.298416,29.778975],[118.296345,29.777865],[118.29481,29.776742],[118.292773,29.776899],[118.289332,29.781512],[118.289289,29.792253],[118.307913,29.792235],[118.307314,29.804891],[118.304225,29.812191],[118.298946,29.81394],[118.296982,29.815012],[118.295695,29.816947],[118.295266,29.819331],[118.294407,29.820745],[118.292947,29.820821],[118.291832,29.820522],[118.291145,29.819479],[118.290973,29.818437],[118.289944,29.817842],[118.288484,29.818437],[118.287111,29.81799],[118.284667,29.821301],[118.283595,29.82644],[118.281818,29.830712],[118.274869,29.828777],[118.264739,29.828777],[118.259976,29.833614],[118.258476,29.833634],[118.257507,29.834657],[118.251773,29.833611],[118.246365,29.832422],[118.241131,29.829145],[118.234523,29.825124],[118.232233,29.824106]]]]}}]}
